,model,subcomponent,errors
01/10/2020,SARIMAX,DOAA,-0.4115456
01/11/2020,SARIMAX,DOAA,1.47136352
01/12/2020,SARIMAX,DOAA,5.873372369
01/01/2021,SARIMAX,DOAA,5.773280534
01/02/2021,SARIMAX,DOAA,4.38071885
01/03/2021,SARIMAX,DOAA,5.399799039
01/04/2021,SARIMAX,DOAA,5.159370105
01/05/2021,SARIMAX,DOAA,6.196044876
01/06/2021,SARIMAX,DOAA,1.664034293
01/07/2021,SARIMAX,DOAA,1.875970296
01/08/2021,SARIMAX,DOAA,2.636750404
01/09/2021,SARIMAX,DOAA,0.793232022
01/10/2021,SARIMAX,DOAA,-0.359232094
01/11/2021,SARIMAX,DOAA,1.284513666
01/12/2021,SARIMAX,DOAA,-1.063655429
01/01/2022,SARIMAX,DOAA,-2.062974617
01/02/2022,SARIMAX,DOAA,-1.30759465
01/03/2022,SARIMAX,DOAA,-4.648105758
01/04/2022,SARIMAX,DOAA,-6.618155032
01/05/2022,SARIMAX,DOAA,-11.79926359
01/06/2022,SARIMAX,DOAA,-18.46563644
01/07/2022,SARIMAX,DOAA,-22.05872334
01/08/2022,SARIMAX,DOAA,-24.08004372
01/09/2022,SARIMAX,DOAA,-28.75289726
01/10/2020,SARIMAX,DOAB,4.404718592
01/11/2020,SARIMAX,DOAB,1.630087557
01/12/2020,SARIMAX,DOAB,4.627573012
01/01/2021,SARIMAX,DOAB,3.656555802
01/02/2021,SARIMAX,DOAB,5.55348836
01/03/2021,SARIMAX,DOAB,9.502192792
01/04/2021,SARIMAX,DOAB,9.792032681
01/05/2021,SARIMAX,DOAB,9.999321086
01/06/2021,SARIMAX,DOAB,12.15443045
01/07/2021,SARIMAX,DOAB,11.86446851
01/08/2021,SARIMAX,DOAB,11.0823967
01/09/2021,SARIMAX,DOAB,8.508243191
01/10/2021,SARIMAX,DOAB,9.267251944
01/11/2021,SARIMAX,DOAB,4.986982057
01/12/2021,SARIMAX,DOAB,6.79315688
01/01/2022,SARIMAX,DOAB,3.126188525
01/02/2022,SARIMAX,DOAB,0.114691753
01/03/2022,SARIMAX,DOAB,5.259522486
01/04/2022,SARIMAX,DOAB,5.590863736
01/05/2022,SARIMAX,DOAB,-2.08677188
01/06/2022,SARIMAX,DOAB,2.56254562
01/07/2022,SARIMAX,DOAB,-2.486299829
01/08/2022,SARIMAX,DOAB,-3.01248717
01/09/2022,SARIMAX,DOAB,-9.087412911
01/10/2020,SARIMAX,DOAC,-12.05071278
01/11/2020,SARIMAX,DOAC,-5.342940369
01/12/2020,SARIMAX,DOAC,-7.612484728
01/01/2021,SARIMAX,DOAC,-14.6242622
01/02/2021,SARIMAX,DOAC,-15.28504528
01/03/2021,SARIMAX,DOAC,-2.116025901
01/04/2021,SARIMAX,DOAC,-5.984578417
01/05/2021,SARIMAX,DOAC,-0.457904285
01/06/2021,SARIMAX,DOAC,-16.89863446
01/07/2021,SARIMAX,DOAC,-9.003710491
01/08/2021,SARIMAX,DOAC,-13.8756168
01/09/2021,SARIMAX,DOAC,-12.38907436
01/10/2021,SARIMAX,DOAC,-10.05303898
01/11/2021,SARIMAX,DOAC,-13.23661028
01/12/2021,SARIMAX,DOAC,-22.91935153
01/01/2022,SARIMAX,DOAC,-22.56158378
01/02/2022,SARIMAX,DOAC,-28.9442082
01/03/2022,SARIMAX,DOAC,-15.90751622
01/04/2022,SARIMAX,DOAC,-34.94848017
01/05/2022,SARIMAX,DOAC,-32.35574411
01/06/2022,SARIMAX,DOAC,-51.61241767
01/07/2022,SARIMAX,DOAC,-49.83091859
01/08/2022,SARIMAX,DOAC,-50.70305201
01/09/2022,SARIMAX,DOAC,-63.57120118
01/10/2020,SARIMAX,DOAD,-2.060901952
01/11/2020,SARIMAX,DOAD,4.906875695
01/12/2020,SARIMAX,DOAD,9.586311261
01/01/2021,SARIMAX,DOAD,7.872849618
01/02/2021,SARIMAX,DOAD,8.090298169
01/03/2021,SARIMAX,DOAD,6.950750897
01/04/2021,SARIMAX,DOAD,6.89160113
01/05/2021,SARIMAX,DOAD,4.53663693
01/06/2021,SARIMAX,DOAD,6.585940474
01/07/2021,SARIMAX,DOAD,3.012501136
01/08/2021,SARIMAX,DOAD,2.199520236
01/09/2021,SARIMAX,DOAD,-2.467631073
01/10/2021,SARIMAX,DOAD,-5.20943095
01/11/2021,SARIMAX,DOAD,-5.916826237
01/12/2021,SARIMAX,DOAD,-4.557637512
01/01/2022,SARIMAX,DOAD,-4.616086323
01/02/2022,SARIMAX,DOAD,-8.103635474
01/03/2022,SARIMAX,DOAD,-9.492509465
01/04/2022,SARIMAX,DOAD,-12.40365543
01/05/2022,SARIMAX,DOAD,-16.47290973
01/06/2022,SARIMAX,DOAD,-13.05059913
01/07/2022,SARIMAX,DOAD,-19.350773
01/08/2022,SARIMAX,DOAD,-23.02630094
01/09/2022,SARIMAX,DOAD,-28.47624724
01/10/2020,SARIMAX,DOAE,-0.550862201
01/11/2020,SARIMAX,DOAE,4.599140048
01/12/2020,SARIMAX,DOAE,-15.04875867
01/01/2021,SARIMAX,DOAE,-3.961234989
01/02/2021,SARIMAX,DOAE,-8.451909762
01/03/2021,SARIMAX,DOAE,1.507614122
01/04/2021,SARIMAX,DOAE,-12.64352487
01/05/2021,SARIMAX,DOAE,-13.48412335
01/06/2021,SARIMAX,DOAE,-19.10807536
01/07/2021,SARIMAX,DOAE,-18.12376478
01/08/2021,SARIMAX,DOAE,-19.30819661
01/09/2021,SARIMAX,DOAE,-14.21023195
01/10/2021,SARIMAX,DOAE,-27.62477994
01/11/2021,SARIMAX,DOAE,-20.75549713
01/12/2021,SARIMAX,DOAE,-43.78194182
01/01/2022,SARIMAX,DOAE,-47.5241582
01/02/2022,SARIMAX,DOAE,-54.95649463
01/03/2022,SARIMAX,DOAE,-54.44974034
01/04/2022,SARIMAX,DOAE,-64.8456381
01/05/2022,SARIMAX,DOAE,-60.06493872
01/06/2022,SARIMAX,DOAE,-71.38858172
01/07/2022,SARIMAX,DOAE,-79.52742307
01/08/2022,SARIMAX,DOAE,-86.01463602
01/09/2022,SARIMAX,DOAE,-77.45432286
01/10/2020,SARIMAX,DOAF,3.199625129
01/11/2020,SARIMAX,DOAF,-0.010529599
01/12/2020,SARIMAX,DOAF,-28.42083202
01/01/2021,SARIMAX,DOAF,-0.568457226
01/02/2021,SARIMAX,DOAF,-7.719182483
01/03/2021,SARIMAX,DOAF,1.998601635
01/04/2021,SARIMAX,DOAF,-10.47323322
01/05/2021,SARIMAX,DOAF,-11.35971964
01/06/2021,SARIMAX,DOAF,-16.46584455
01/07/2021,SARIMAX,DOAF,-14.09793293
01/08/2021,SARIMAX,DOAF,-12.46638147
01/09/2021,SARIMAX,DOAF,-6.938483246
01/10/2021,SARIMAX,DOAF,-21.87564319
01/11/2021,SARIMAX,DOAF,-24.27135429
01/12/2021,SARIMAX,DOAF,-57.15787322
01/01/2022,SARIMAX,DOAF,-40.19582851
01/02/2022,SARIMAX,DOAF,-48.95603429
01/03/2022,SARIMAX,DOAF,-47.31202123
01/04/2022,SARIMAX,DOAF,-55.27697141
01/05/2022,SARIMAX,DOAF,-48.66607436
01/06/2022,SARIMAX,DOAF,-60.23887219
01/07/2022,SARIMAX,DOAF,-69.17246455
01/08/2022,SARIMAX,DOAF,-76.00711649
01/09/2022,SARIMAX,DOAF,-68.2428515
01/10/2020,SARIMAX,DOAG,4.740474117
01/11/2020,SARIMAX,DOAG,7.614653746
01/12/2020,SARIMAX,DOAG,5.36204486
01/01/2021,SARIMAX,DOAG,5.570848014
01/02/2021,SARIMAX,DOAG,4.149155366
01/03/2021,SARIMAX,DOAG,4.868982883
01/04/2021,SARIMAX,DOAG,6.64843936
01/05/2021,SARIMAX,DOAG,9.975051835
01/06/2021,SARIMAX,DOAG,8.233512842
01/07/2021,SARIMAX,DOAG,7.224727559
01/08/2021,SARIMAX,DOAG,14.9513892
01/09/2021,SARIMAX,DOAG,1.249870062
01/10/2021,SARIMAX,DOAG,1.097568099
01/11/2021,SARIMAX,DOAG,5.026967333
01/12/2021,SARIMAX,DOAG,5.024601775
01/01/2022,SARIMAX,DOAG,4.847046772
01/02/2022,SARIMAX,DOAG,10.85540712
01/03/2022,SARIMAX,DOAG,4.262098505
01/04/2022,SARIMAX,DOAG,6.387071951
01/05/2022,SARIMAX,DOAG,2.236624915
01/06/2022,SARIMAX,DOAG,-3.0867551
01/07/2022,SARIMAX,DOAG,-13.06268828
01/08/2022,SARIMAX,DOAG,-17.13814938
01/09/2022,SARIMAX,DOAG,-24.3104776
01/10/2020,SARIMAX,DOAH,2.99059062
01/11/2020,SARIMAX,DOAH,3.072774928
01/12/2020,SARIMAX,DOAH,7.296922084
01/01/2021,SARIMAX,DOAH,9.428133882
01/02/2021,SARIMAX,DOAH,9.810625502
01/03/2021,SARIMAX,DOAH,10.4492626
01/04/2021,SARIMAX,DOAH,8.174618533
01/05/2021,SARIMAX,DOAH,11.09239912
01/06/2021,SARIMAX,DOAH,10.04470368
01/07/2021,SARIMAX,DOAH,12.13372695
01/08/2021,SARIMAX,DOAH,10.35305968
01/09/2021,SARIMAX,DOAH,11.77686016
01/10/2021,SARIMAX,DOAH,10.08706793
01/11/2021,SARIMAX,DOAH,10.92111901
01/12/2021,SARIMAX,DOAH,10.63119055
01/01/2022,SARIMAX,DOAH,12.69749513
01/02/2022,SARIMAX,DOAH,11.23384547
01/03/2022,SARIMAX,DOAH,11.25336994
01/04/2022,SARIMAX,DOAH,8.655510736
01/05/2022,SARIMAX,DOAH,4.879437479
01/06/2022,SARIMAX,DOAH,-4.895198369
01/07/2022,SARIMAX,DOAH,-11.49540902
01/08/2022,SARIMAX,DOAH,-10.59524482
01/09/2022,SARIMAX,DOAH,-16.87041047
01/10/2020,SARIMAX,DOAI,0.272821373
01/11/2020,SARIMAX,DOAI,2.595494625
01/12/2020,SARIMAX,DOAI,1.518069493
01/01/2021,SARIMAX,DOAI,2.308234443
01/02/2021,SARIMAX,DOAI,1.66296414
01/03/2021,SARIMAX,DOAI,1.803058894
01/04/2021,SARIMAX,DOAI,2.130189016
01/05/2021,SARIMAX,DOAI,1.661618453
01/06/2021,SARIMAX,DOAI,0.657472433
01/07/2021,SARIMAX,DOAI,0.001273033
01/08/2021,SARIMAX,DOAI,-0.746660373
01/09/2021,SARIMAX,DOAI,-3.123538086
01/10/2021,SARIMAX,DOAI,-2.867957713
01/11/2021,SARIMAX,DOAI,-4.065359992
01/12/2021,SARIMAX,DOAI,-6.498336696
01/01/2022,SARIMAX,DOAI,-6.671658715
01/02/2022,SARIMAX,DOAI,-8.997492961
01/03/2022,SARIMAX,DOAI,-9.422071945
01/04/2022,SARIMAX,DOAI,-12.49666258
01/05/2022,SARIMAX,DOAI,-16.12125999
01/06/2022,SARIMAX,DOAI,-18.87117974
01/07/2022,SARIMAX,DOAI,-21.04604996
01/08/2022,SARIMAX,DOAI,-23.52109316
01/09/2022,SARIMAX,DOAI,-25.54553732
01/10/2020,SARIMAX,DOAJ,-2.554654797
01/11/2020,SARIMAX,DOAJ,-2.221686977
01/12/2020,SARIMAX,DOAJ,3.797791302
01/01/2021,SARIMAX,DOAJ,0.291947577
01/02/2021,SARIMAX,DOAJ,1.641461237
01/03/2021,SARIMAX,DOAJ,0.581350308
01/04/2021,SARIMAX,DOAJ,1.820943421
01/05/2021,SARIMAX,DOAJ,6.050494955
01/06/2021,SARIMAX,DOAJ,2.633115356
01/07/2021,SARIMAX,DOAJ,1.774338281
01/08/2021,SARIMAX,DOAJ,2.786786604
01/09/2021,SARIMAX,DOAJ,6.215098487
01/10/2021,SARIMAX,DOAJ,0.81985772
01/11/2021,SARIMAX,DOAJ,1.948112087
01/12/2021,SARIMAX,DOAJ,-0.629379849
01/01/2022,SARIMAX,DOAJ,-1.03189497
01/02/2022,SARIMAX,DOAJ,-1.510682016
01/03/2022,SARIMAX,DOAJ,-4.193691402
01/04/2022,SARIMAX,DOAJ,-7.933824005
01/05/2022,SARIMAX,DOAJ,-9.735429866
01/06/2022,SARIMAX,DOAJ,-14.72867483
01/07/2022,SARIMAX,DOAJ,-19.42527596
01/08/2022,SARIMAX,DOAJ,-18.53426605
01/09/2022,SARIMAX,DOAJ,-23.87936996
01/10/2020,SARIMAX,DOAK,5.870448102
01/11/2020,SARIMAX,DOAK,4.102608531
01/12/2020,SARIMAX,DOAK,9.061186263
01/01/2021,SARIMAX,DOAK,6.332790147
01/02/2021,SARIMAX,DOAK,5.631798674
01/03/2021,SARIMAX,DOAK,8.390570965
01/04/2021,SARIMAX,DOAK,6.016842986
01/05/2021,SARIMAX,DOAK,11.56604297
01/06/2021,SARIMAX,DOAK,10.48605603
01/07/2021,SARIMAX,DOAK,13.81190882
01/08/2021,SARIMAX,DOAK,9.645899894
01/09/2021,SARIMAX,DOAK,10.48244064
01/10/2021,SARIMAX,DOAK,6.070935438
01/11/2021,SARIMAX,DOAK,8.947486842
01/12/2021,SARIMAX,DOAK,5.804557408
01/01/2022,SARIMAX,DOAK,2.297330316
01/02/2022,SARIMAX,DOAK,-2.127561629
01/03/2022,SARIMAX,DOAK,-3.627255583
01/04/2022,SARIMAX,DOAK,-11.40548445
01/05/2022,SARIMAX,DOAK,-3.424991527
01/06/2022,SARIMAX,DOAK,-13.66633542
01/07/2022,SARIMAX,DOAK,-20.61519905
01/08/2022,SARIMAX,DOAK,-27.5296039
01/09/2022,SARIMAX,DOAK,-25.82132858
01/10/2020,SARIMAX,DOAL,6.613435675
01/11/2020,SARIMAX,DOAL,2.766601533
01/12/2020,SARIMAX,DOAL,10.52254476
01/01/2021,SARIMAX,DOAL,1.183446998
01/02/2021,SARIMAX,DOAL,6.029222686
01/03/2021,SARIMAX,DOAL,15.25796839
01/04/2021,SARIMAX,DOAL,2.998927124
01/05/2021,SARIMAX,DOAL,14.22930421
01/06/2021,SARIMAX,DOAL,10.37166308
01/07/2021,SARIMAX,DOAL,4.838129145
01/08/2021,SARIMAX,DOAL,7.87858923
01/09/2021,SARIMAX,DOAL,4.337885408
01/10/2021,SARIMAX,DOAL,2.64558291
01/11/2021,SARIMAX,DOAL,3.930566683
01/12/2021,SARIMAX,DOAL,-2.829519553
01/01/2022,SARIMAX,DOAL,-1.790516621
01/02/2022,SARIMAX,DOAL,-11.32237426
01/03/2022,SARIMAX,DOAL,-13.92493611
01/04/2022,SARIMAX,DOAL,-15.30938399
01/05/2022,SARIMAX,DOAL,-17.60349469
01/06/2022,SARIMAX,DOAL,-26.67708263
01/07/2022,SARIMAX,DOAL,-33.13778264
01/08/2022,SARIMAX,DOAL,-36.58524184
01/09/2022,SARIMAX,DOAL,-35.89218973
01/10/2020,SARIMAX,IBUR,6.752119681
01/11/2020,SARIMAX,IBUR,4.544982735
01/12/2020,SARIMAX,IBUR,10.1272792
01/01/2021,SARIMAX,IBUR,12.52193247
01/02/2021,SARIMAX,IBUR,5.691628446
01/03/2021,SARIMAX,IBUR,4.164195404
01/04/2021,SARIMAX,IBUR,11.08910472
01/05/2021,SARIMAX,IBUR,11.38341761
01/06/2021,SARIMAX,IBUR,12.1308149
01/07/2021,SARIMAX,IBUR,24.51672223
01/08/2021,SARIMAX,IBUR,13.93715586
01/09/2021,SARIMAX,IBUR,18.14122059
01/10/2021,SARIMAX,IBUR,12.75108532
01/11/2021,SARIMAX,IBUR,15.63179875
01/12/2021,SARIMAX,IBUR,17.4320512
01/01/2022,SARIMAX,IBUR,9.756580097
01/02/2022,SARIMAX,IBUR,9.980409057
01/03/2022,SARIMAX,IBUR,10.75276959
01/04/2022,SARIMAX,IBUR,-3.83834622
01/05/2022,SARIMAX,IBUR,14.67990632
01/06/2022,SARIMAX,IBUR,2.892210336
01/07/2022,SARIMAX,IBUR,-3.839195662
01/08/2022,SARIMAX,IBUR,-14.32567523
01/09/2022,SARIMAX,IBUR,-11.43769018
01/10/2020,SARIMAX,DOAM,4.440377517
01/11/2020,SARIMAX,DOAM,2.507163967
01/12/2020,SARIMAX,DOAM,4.041809511
01/01/2021,SARIMAX,DOAM,-8.191729766
01/02/2021,SARIMAX,DOAM,-2.238904432
01/03/2021,SARIMAX,DOAM,-13.2634911
01/04/2021,SARIMAX,DOAM,2.881538049
01/05/2021,SARIMAX,DOAM,-13.26013063
01/06/2021,SARIMAX,DOAM,-11.26010301
01/07/2021,SARIMAX,DOAM,-4.710383063
01/08/2021,SARIMAX,DOAM,-14.51790379
01/09/2021,SARIMAX,DOAM,-22.30594919
01/10/2021,SARIMAX,DOAM,-22.40786377
01/11/2021,SARIMAX,DOAM,-31.22971105
01/12/2021,SARIMAX,DOAM,-28.97051177
01/01/2022,SARIMAX,DOAM,-37.38275063
01/02/2022,SARIMAX,DOAM,-35.42915694
01/03/2022,SARIMAX,DOAM,-49.30190994
01/04/2022,SARIMAX,DOAM,-40.83088856
01/05/2022,SARIMAX,DOAM,-64.26944308
01/06/2022,SARIMAX,DOAM,-97.02625922
01/07/2022,SARIMAX,DOAM,-108.4480103
01/08/2022,SARIMAX,DOAM,-125.7788408
01/09/2022,SARIMAX,DOAM,-130.8133169
01/10/2020,SARIMAX,DOAN,5.552661148
01/11/2020,SARIMAX,DOAN,4.584482028
01/12/2020,SARIMAX,DOAN,11.79695232
01/01/2021,SARIMAX,DOAN,9.109538724
01/02/2021,SARIMAX,DOAN,-11.0056551
01/03/2021,SARIMAX,DOAN,5.006246636
01/04/2021,SARIMAX,DOAN,3.544877468
01/05/2021,SARIMAX,DOAN,7.064731962
01/06/2021,SARIMAX,DOAN,-5.211881321
01/07/2021,SARIMAX,DOAN,0.520567748
01/08/2021,SARIMAX,DOAN,-8.767402535
01/09/2021,SARIMAX,DOAN,-15.55054378
01/10/2021,SARIMAX,DOAN,-17.34586828
01/11/2021,SARIMAX,DOAN,-14.10517834
01/12/2021,SARIMAX,DOAN,-21.15628353
01/01/2022,SARIMAX,DOAN,-49.89195739
01/02/2022,SARIMAX,DOAN,-33.22881827
01/03/2022,SARIMAX,DOAN,-40.48782839
01/04/2022,SARIMAX,DOAN,-34.1683169
01/05/2022,SARIMAX,DOAN,-40.78808646
01/06/2022,SARIMAX,DOAN,-38.32820877
01/07/2022,SARIMAX,DOAN,-49.4192198
01/08/2022,SARIMAX,DOAN,-70.80322631
01/09/2022,SARIMAX,DOAN,-81.15828749
01/10/2020,SARIMAX,DOAO,1.487207741
01/11/2020,SARIMAX,DOAO,0.308245435
01/12/2020,SARIMAX,DOAO,-1.378836725
01/01/2021,SARIMAX,DOAO,5.84680584
01/02/2021,SARIMAX,DOAO,-2.86421703
01/03/2021,SARIMAX,DOAO,0.566044531
01/04/2021,SARIMAX,DOAO,1.667961312
01/05/2021,SARIMAX,DOAO,-3.70910818
01/06/2021,SARIMAX,DOAO,1.463992856
01/07/2021,SARIMAX,DOAO,8.095001552
01/08/2021,SARIMAX,DOAO,-0.310263292
01/09/2021,SARIMAX,DOAO,-1.333300009
01/10/2021,SARIMAX,DOAO,-1.75869936
01/11/2021,SARIMAX,DOAO,-3.074685215
01/12/2021,SARIMAX,DOAO,-1.133856257
01/01/2022,SARIMAX,DOAO,1.377454904
01/02/2022,SARIMAX,DOAO,-7.149152359
01/03/2022,SARIMAX,DOAO,-9.326490072
01/04/2022,SARIMAX,DOAO,-16.0371578
01/05/2022,SARIMAX,DOAO,-16.6745424
01/06/2022,SARIMAX,DOAO,-27.66653571
01/07/2022,SARIMAX,DOAO,-34.63181717
01/08/2022,SARIMAX,DOAO,-49.01672773
01/09/2022,SARIMAX,DOAO,-56.09785618
01/10/2020,SARIMAX,DOAP,3.248949554
01/11/2020,SARIMAX,DOAP,7.170331272
01/12/2020,SARIMAX,DOAP,9.01950092
01/01/2021,SARIMAX,DOAP,9.773056656
01/02/2021,SARIMAX,DOAP,7.895893607
01/03/2021,SARIMAX,DOAP,8.513887312
01/04/2021,SARIMAX,DOAP,7.224857275
01/05/2021,SARIMAX,DOAP,7.752442439
01/06/2021,SARIMAX,DOAP,4.866282736
01/07/2021,SARIMAX,DOAP,5.647815682
01/08/2021,SARIMAX,DOAP,5.382671284
01/09/2021,SARIMAX,DOAP,2.572177881
01/10/2021,SARIMAX,DOAP,1.239687798
01/11/2021,SARIMAX,DOAP,-0.056442611
01/12/2021,SARIMAX,DOAP,-1.539075455
01/01/2022,SARIMAX,DOAP,-2.40878715
01/02/2022,SARIMAX,DOAP,-4.544366677
01/03/2022,SARIMAX,DOAP,-3.55006105
01/04/2022,SARIMAX,DOAP,-1.836449224
01/05/2022,SARIMAX,DOAP,-10.76354046
01/06/2022,SARIMAX,DOAP,-12.222948
01/07/2022,SARIMAX,DOAP,-16.37144348
01/08/2022,SARIMAX,DOAP,-25.8615831
01/09/2022,SARIMAX,DOAP,-39.89714632
01/10/2020,SARIMAX,DOAQ,-1.718183332
01/11/2020,SARIMAX,DOAQ,-2.541000533
01/12/2020,SARIMAX,DOAQ,-1.087992079
01/01/2021,SARIMAX,DOAQ,-1.984187496
01/02/2021,SARIMAX,DOAQ,-2.435461925
01/03/2021,SARIMAX,DOAQ,-0.792341339
01/04/2021,SARIMAX,DOAQ,-1.660131867
01/05/2021,SARIMAX,DOAQ,-2.275769987
01/06/2021,SARIMAX,DOAQ,-3.231823161
01/07/2021,SARIMAX,DOAQ,-4.58004235
01/08/2021,SARIMAX,DOAQ,-3.375793752
01/09/2021,SARIMAX,DOAQ,-3.527574506
01/10/2021,SARIMAX,DOAQ,-7.579542973
01/11/2021,SARIMAX,DOAQ,-12.9456037
01/12/2021,SARIMAX,DOAQ,-18.83434926
01/01/2022,SARIMAX,DOAQ,-19.47308706
01/02/2022,SARIMAX,DOAQ,-27.07152422
01/03/2022,SARIMAX,DOAQ,-30.82776881
01/04/2022,SARIMAX,DOAQ,-31.90155069
01/05/2022,SARIMAX,DOAQ,-39.15664626
01/06/2022,SARIMAX,DOAQ,-52.88129431
01/07/2022,SARIMAX,DOAQ,-68.87838801
01/08/2022,SARIMAX,DOAQ,-80.55665671
01/09/2022,SARIMAX,DOAQ,-86.05956299
01/10/2020,SARIMAX,DOAR,-5.43698834
01/11/2020,SARIMAX,DOAR,-7.877560647
01/12/2020,SARIMAX,DOAR,-5.181019787
01/01/2021,SARIMAX,DOAR,-6.726199061
01/02/2021,SARIMAX,DOAR,-7.391987467
01/03/2021,SARIMAX,DOAR,-2.186904658
01/04/2021,SARIMAX,DOAR,-15.64142215
01/05/2021,SARIMAX,DOAR,-11.54858987
01/06/2021,SARIMAX,DOAR,-11.5074826
01/07/2021,SARIMAX,DOAR,-10.4617092
01/08/2021,SARIMAX,DOAR,-10.94858877
01/09/2021,SARIMAX,DOAR,-12.37225028
01/10/2021,SARIMAX,DOAR,-19.34367477
01/11/2021,SARIMAX,DOAR,-17.76284855
01/12/2021,SARIMAX,DOAR,-16.87409421
01/01/2022,SARIMAX,DOAR,-22.88970747
01/02/2022,SARIMAX,DOAR,-21.28431457
01/03/2022,SARIMAX,DOAR,-20.47948694
01/04/2022,SARIMAX,DOAR,-33.00598214
01/05/2022,SARIMAX,DOAR,-34.17668619
01/06/2022,SARIMAX,DOAR,-33.94870034
01/07/2022,SARIMAX,DOAR,-38.97391581
01/08/2022,SARIMAX,DOAR,-38.8217486
01/09/2022,SARIMAX,DOAR,-45.64803231
01/10/2020,SARIMAX,DOAS,-1.292348578
01/11/2020,SARIMAX,DOAS,5.945451419
01/12/2020,SARIMAX,DOAS,-4.670227453
01/01/2021,SARIMAX,DOAS,3.067715045
01/02/2021,SARIMAX,DOAS,-6.700942574
01/03/2021,SARIMAX,DOAS,3.579228492
01/04/2021,SARIMAX,DOAS,7.824010899
01/05/2021,SARIMAX,DOAS,6.884614381
01/06/2021,SARIMAX,DOAS,5.976173758
01/07/2021,SARIMAX,DOAS,16.99886017
01/08/2021,SARIMAX,DOAS,-4.119904327
01/09/2021,SARIMAX,DOAS,-1.262777702
01/10/2021,SARIMAX,DOAS,0.321842132
01/11/2021,SARIMAX,DOAS,-5.123727528
01/12/2021,SARIMAX,DOAS,-7.529640991
01/01/2022,SARIMAX,DOAS,-5.345082393
01/02/2022,SARIMAX,DOAS,-13.37364462
01/03/2022,SARIMAX,DOAS,-3.768131947
01/04/2022,SARIMAX,DOAS,1.381347698
01/05/2022,SARIMAX,DOAS,-1.534557705
01/06/2022,SARIMAX,DOAS,-10.80335432
01/07/2022,SARIMAX,DOAS,-6.410216962
01/08/2022,SARIMAX,DOAS,-28.59471948
01/09/2022,SARIMAX,DOAS,-31.082547
01/10/2020,SARIMAX,DOAT,-2.286913262
01/11/2020,SARIMAX,DOAT,0.561748299
01/12/2020,SARIMAX,DOAT,-8.255702225
01/01/2021,SARIMAX,DOAT,-0.342844429
01/02/2021,SARIMAX,DOAT,-0.268602958
01/03/2021,SARIMAX,DOAT,-7.725178204
01/04/2021,SARIMAX,DOAT,-9.746706609
01/05/2021,SARIMAX,DOAT,-8.084824942
01/06/2021,SARIMAX,DOAT,-2.865964962
01/07/2021,SARIMAX,DOAT,-7.163809359
01/08/2021,SARIMAX,DOAT,-16.46095722
01/09/2021,SARIMAX,DOAT,-6.215850724
01/10/2021,SARIMAX,DOAT,-16.4447835
01/11/2021,SARIMAX,DOAT,-16.82272882
01/12/2021,SARIMAX,DOAT,-17.92113035
01/01/2022,SARIMAX,DOAT,-20.10625001
01/02/2022,SARIMAX,DOAT,-27.20663697
01/03/2022,SARIMAX,DOAT,-21.12760733
01/04/2022,SARIMAX,DOAT,-33.38756559
01/05/2022,SARIMAX,DOAT,-34.76442587
01/06/2022,SARIMAX,DOAT,-34.24516026
01/07/2022,SARIMAX,DOAT,-34.0993443
01/08/2022,SARIMAX,DOAT,-40.56819112
01/09/2022,SARIMAX,DOAT,-43.79873796
01/10/2020,SARIMAX,DOAU,-2.701626494
01/11/2020,SARIMAX,DOAU,4.321856355
01/12/2020,SARIMAX,DOAU,5.791451315
01/01/2021,SARIMAX,DOAU,0.16717125
01/02/2021,SARIMAX,DOAU,8.301225808
01/03/2021,SARIMAX,DOAU,10.16037869
01/04/2021,SARIMAX,DOAU,7.781080545
01/05/2021,SARIMAX,DOAU,11.13363489
01/06/2021,SARIMAX,DOAU,13.33268454
01/07/2021,SARIMAX,DOAU,12.10783226
01/08/2021,SARIMAX,DOAU,7.997012398
01/09/2021,SARIMAX,DOAU,8.352422338
01/10/2021,SARIMAX,DOAU,7.17924154
01/11/2021,SARIMAX,DOAU,5.892981007
01/12/2021,SARIMAX,DOAU,10.32196372
01/01/2022,SARIMAX,DOAU,3.061298161
01/02/2022,SARIMAX,DOAU,2.817417859
01/03/2022,SARIMAX,DOAU,-2.743351938
01/04/2022,SARIMAX,DOAU,-2.424110846
01/05/2022,SARIMAX,DOAU,-8.194539333
01/06/2022,SARIMAX,DOAU,-2.267351909
01/07/2022,SARIMAX,DOAU,-10.97291914
01/08/2022,SARIMAX,DOAU,-10.16894258
01/09/2022,SARIMAX,DOAU,-14.92093086
01/10/2020,SARIMAX,DOAV,-2.232809728
01/11/2020,SARIMAX,DOAV,-3.002701581
01/12/2020,SARIMAX,DOAV,5.079787358
01/01/2021,SARIMAX,DOAV,13.33663173
01/02/2021,SARIMAX,DOAV,15.39322017
01/03/2021,SARIMAX,DOAV,15.61484937
01/04/2021,SARIMAX,DOAV,8.49831705
01/05/2021,SARIMAX,DOAV,12.74198896
01/06/2021,SARIMAX,DOAV,13.15549917
01/07/2021,SARIMAX,DOAV,13.73258399
01/08/2021,SARIMAX,DOAV,11.87013797
01/09/2021,SARIMAX,DOAV,10.29801272
01/10/2021,SARIMAX,DOAV,3.649944782
01/11/2021,SARIMAX,DOAV,-1.875468677
01/12/2021,SARIMAX,DOAV,2.447315367
01/01/2022,SARIMAX,DOAV,-1.340560509
01/02/2022,SARIMAX,DOAV,-5.574700959
01/03/2022,SARIMAX,DOAV,-4.831070332
01/04/2022,SARIMAX,DOAV,-12.82651252
01/05/2022,SARIMAX,DOAV,-4.544538797
01/06/2022,SARIMAX,DOAV,-5.240537271
01/07/2022,SARIMAX,DOAV,-11.73433994
01/08/2022,SARIMAX,DOAV,-24.28561601
01/09/2022,SARIMAX,DOAV,-22.44509471
01/10/2020,SARIMAX,DOAW,-1.568059919
01/11/2020,SARIMAX,DOAW,2.812911561
01/12/2020,SARIMAX,DOAW,3.494374246
01/01/2021,SARIMAX,DOAW,0.058509615
01/02/2021,SARIMAX,DOAW,8.04151026
01/03/2021,SARIMAX,DOAW,7.348558088
01/04/2021,SARIMAX,DOAW,1.946677438
01/05/2021,SARIMAX,DOAW,3.469187593
01/06/2021,SARIMAX,DOAW,1.964137778
01/07/2021,SARIMAX,DOAW,3.75632913
01/08/2021,SARIMAX,DOAW,2.440587595
01/09/2021,SARIMAX,DOAW,2.579824142
01/10/2021,SARIMAX,DOAW,4.700917094
01/11/2021,SARIMAX,DOAW,1.188968182
01/12/2021,SARIMAX,DOAW,3.4075345
01/01/2022,SARIMAX,DOAW,3.63139435
01/02/2022,SARIMAX,DOAW,4.330240156
01/03/2022,SARIMAX,DOAW,7.109523621
01/04/2022,SARIMAX,DOAW,2.48025045
01/05/2022,SARIMAX,DOAW,-2.768253744
01/06/2022,SARIMAX,DOAW,-0.529000715
01/07/2022,SARIMAX,DOAW,-6.926660588
01/08/2022,SARIMAX,DOAW,-3.708858587
01/09/2022,SARIMAX,DOAW,-6.21086465
01/10/2020,SARIMAX,DOAX,-2.492911269
01/11/2020,SARIMAX,DOAX,-1.128224053
01/12/2020,SARIMAX,DOAX,6.442591265
01/01/2021,SARIMAX,DOAX,6.06190573
01/02/2021,SARIMAX,DOAX,1.8413699
01/03/2021,SARIMAX,DOAX,2.490431183
01/04/2021,SARIMAX,DOAX,1.408941248
01/05/2021,SARIMAX,DOAX,5.59205632
01/06/2021,SARIMAX,DOAX,4.805541188
01/07/2021,SARIMAX,DOAX,5.025049303
01/08/2021,SARIMAX,DOAX,6.408781184
01/09/2021,SARIMAX,DOAX,2.94741939
01/10/2021,SARIMAX,DOAX,-4.192193617
01/11/2021,SARIMAX,DOAX,-3.614454859
01/12/2021,SARIMAX,DOAX,-2.613245271
01/01/2022,SARIMAX,DOAX,-5.040820827
01/02/2022,SARIMAX,DOAX,-6.522928124
01/03/2022,SARIMAX,DOAX,-7.551391735
01/04/2022,SARIMAX,DOAX,-9.522797073
01/05/2022,SARIMAX,DOAX,-9.644215225
01/06/2022,SARIMAX,DOAX,-19.4040446
01/07/2022,SARIMAX,DOAX,-29.99479636
01/08/2022,SARIMAX,DOAX,-26.39515505
01/09/2022,SARIMAX,DOAX,-31.52843648
01/10/2020,SARIMAX,DOAY,-2.132070736
01/11/2020,SARIMAX,DOAY,8.438832085
01/12/2020,SARIMAX,DOAY,22.1311986
01/01/2021,SARIMAX,DOAY,23.53138353
01/02/2021,SARIMAX,DOAY,31.7905853
01/03/2021,SARIMAX,DOAY,27.67574576
01/04/2021,SARIMAX,DOAY,35.3601046
01/05/2021,SARIMAX,DOAY,36.90081895
01/06/2021,SARIMAX,DOAY,34.53659246
01/07/2021,SARIMAX,DOAY,37.35872472
01/08/2021,SARIMAX,DOAY,39.28979024
01/09/2021,SARIMAX,DOAY,36.2732449
01/10/2021,SARIMAX,DOAY,26.80404727
01/11/2021,SARIMAX,DOAY,31.22231678
01/12/2021,SARIMAX,DOAY,36.07682354
01/01/2022,SARIMAX,DOAY,40.58592774
01/02/2022,SARIMAX,DOAY,45.94742762
01/03/2022,SARIMAX,DOAY,44.42579624
01/04/2022,SARIMAX,DOAY,51.69700223
01/05/2022,SARIMAX,DOAY,48.90898826
01/06/2022,SARIMAX,DOAY,38.285364
01/07/2022,SARIMAX,DOAY,29.74662427
01/08/2022,SARIMAX,DOAY,27.46138553
01/09/2022,SARIMAX,DOAY,18.03441866
01/10/2020,SARIMAX,IBUS,-2.244628471
01/11/2020,SARIMAX,IBUS,-3.411941836
01/12/2020,SARIMAX,IBUS,1.579573216
01/01/2021,SARIMAX,IBUS,1.86454239
01/02/2021,SARIMAX,IBUS,-5.801379048
01/03/2021,SARIMAX,IBUS,-1.628422345
01/04/2021,SARIMAX,IBUS,-4.999305602
01/05/2021,SARIMAX,IBUS,-0.600318287
01/06/2021,SARIMAX,IBUS,0.75099886
01/07/2021,SARIMAX,IBUS,0.361179401
01/08/2021,SARIMAX,IBUS,1.081377754
01/09/2021,SARIMAX,IBUS,-1.722117537
01/10/2021,SARIMAX,IBUS,-6.883567873
01/11/2021,SARIMAX,IBUS,-6.920338336
01/12/2021,SARIMAX,IBUS,-6.491061998
01/01/2022,SARIMAX,IBUS,-10.34137917
01/02/2022,SARIMAX,IBUS,-13.27051803
01/03/2022,SARIMAX,IBUS,-13.26399825
01/04/2022,SARIMAX,IBUS,-17.60826136
01/05/2022,SARIMAX,IBUS,-16.3814865
01/06/2022,SARIMAX,IBUS,-24.68411769
01/07/2022,SARIMAX,IBUS,-35.08302228
01/08/2022,SARIMAX,IBUS,-29.43292828
01/09/2022,SARIMAX,IBUS,-32.4832484
01/10/2020,SARIMAX,DOAZ,1.101133644
01/11/2020,SARIMAX,DOAZ,2.746812628
01/12/2020,SARIMAX,DOAZ,7.637295187
01/01/2021,SARIMAX,DOAZ,5.322359757
01/02/2021,SARIMAX,DOAZ,7.768486665
01/03/2021,SARIMAX,DOAZ,6.213486695
01/04/2021,SARIMAX,DOAZ,6.011237886
01/05/2021,SARIMAX,DOAZ,5.569335988
01/06/2021,SARIMAX,DOAZ,5.641809605
01/07/2021,SARIMAX,DOAZ,6.796600756
01/08/2021,SARIMAX,DOAZ,6.218511328
01/09/2021,SARIMAX,DOAZ,3.971208746
01/10/2021,SARIMAX,DOAZ,0.27571402
01/11/2021,SARIMAX,DOAZ,0.378210102
01/12/2021,SARIMAX,DOAZ,-1.149501721
01/01/2022,SARIMAX,DOAZ,-1.934090924
01/02/2022,SARIMAX,DOAZ,-0.592695882
01/03/2022,SARIMAX,DOAZ,-2.074126077
01/04/2022,SARIMAX,DOAZ,-0.42955914
01/05/2022,SARIMAX,DOAZ,-3.249843043
01/06/2022,SARIMAX,DOAZ,-7.476207101
01/07/2022,SARIMAX,DOAZ,-10.63067115
01/08/2022,SARIMAX,DOAZ,-14.18147737
01/09/2022,SARIMAX,DOAZ,-19.15598574
01/10/2020,SARIMAX,DOBA,0.038506045
01/11/2020,SARIMAX,DOBA,1.927892808
01/12/2020,SARIMAX,DOBA,6.643422963
01/01/2021,SARIMAX,DOBA,5.504974679
01/02/2021,SARIMAX,DOBA,7.363205554
01/03/2021,SARIMAX,DOBA,6.731461617
01/04/2021,SARIMAX,DOBA,6.763031788
01/05/2021,SARIMAX,DOBA,6.785979269
01/06/2021,SARIMAX,DOBA,7.48810595
01/07/2021,SARIMAX,DOBA,8.25198232
01/08/2021,SARIMAX,DOBA,8.775793168
01/09/2021,SARIMAX,DOBA,6.430518451
01/10/2021,SARIMAX,DOBA,1.866030094
01/11/2021,SARIMAX,DOBA,2.171797238
01/12/2021,SARIMAX,DOBA,3.614185379
01/01/2022,SARIMAX,DOBA,3.90141921
01/02/2022,SARIMAX,DOBA,5.267336986
01/03/2022,SARIMAX,DOBA,4.245932583
01/04/2022,SARIMAX,DOBA,4.318205878
01/05/2022,SARIMAX,DOBA,1.661741749
01/06/2022,SARIMAX,DOBA,-0.693433269
01/07/2022,SARIMAX,DOBA,-2.468084852
01/08/2022,SARIMAX,DOBA,-4.483225093
01/09/2022,SARIMAX,DOBA,-9.136940106
01/10/2020,SARIMAX,IBUT,3.941946124
01/11/2020,SARIMAX,IBUT,5.812208625
01/12/2020,SARIMAX,IBUT,11.91048347
01/01/2021,SARIMAX,IBUT,7.974114058
01/02/2021,SARIMAX,IBUT,15.62162096
01/03/2021,SARIMAX,IBUT,13.9831047
01/04/2021,SARIMAX,IBUT,10.93865279
01/05/2021,SARIMAX,IBUT,9.43616069
01/06/2021,SARIMAX,IBUT,5.48795279
01/07/2021,SARIMAX,IBUT,8.298041866
01/08/2021,SARIMAX,IBUT,3.005299678
01/09/2021,SARIMAX,IBUT,2.124130411
01/10/2021,SARIMAX,IBUT,3.317324127
01/11/2021,SARIMAX,IBUT,4.569741445
01/12/2021,SARIMAX,IBUT,-11.91922152
01/01/2022,SARIMAX,IBUT,-15.1625576
01/02/2022,SARIMAX,IBUT,-13.43700386
01/03/2022,SARIMAX,IBUT,-15.12692233
01/04/2022,SARIMAX,IBUT,-5.265661243
01/05/2022,SARIMAX,IBUT,-6.875134285
01/06/2022,SARIMAX,IBUT,-20.33453786
01/07/2022,SARIMAX,IBUT,-31.28581977
01/08/2022,SARIMAX,IBUT,-42.68833002
01/09/2022,SARIMAX,IBUT,-47.11960455
01/10/2020,SARIMAX,DOBB,-1.211002587
01/11/2020,SARIMAX,DOBB,3.434870655
01/12/2020,SARIMAX,DOBB,0.524577949
01/01/2021,SARIMAX,DOBB,2.173301333
01/02/2021,SARIMAX,DOBB,-0.928774436
01/03/2021,SARIMAX,DOBB,-4.880689016
01/04/2021,SARIMAX,DOBB,-5.236014536
01/05/2021,SARIMAX,DOBB,-7.778614881
01/06/2021,SARIMAX,DOBB,-2.841093683
01/07/2021,SARIMAX,DOBB,-5.525375887
01/08/2021,SARIMAX,DOBB,-6.030247406
01/09/2021,SARIMAX,DOBB,-6.866496026
01/10/2021,SARIMAX,DOBB,-8.028326953
01/11/2021,SARIMAX,DOBB,-7.923933963
01/12/2021,SARIMAX,DOBB,-10.84839098
01/01/2022,SARIMAX,DOBB,-13.65830016
01/02/2022,SARIMAX,DOBB,-13.84359749
01/03/2022,SARIMAX,DOBB,-17.51615794
01/04/2022,SARIMAX,DOBB,-16.99320899
01/05/2022,SARIMAX,DOBB,-17.84247729
01/06/2022,SARIMAX,DOBB,-17.09307963
01/07/2022,SARIMAX,DOBB,-23.96857462
01/08/2022,SARIMAX,DOBB,-23.49298494
01/09/2022,SARIMAX,DOBB,-25.4191591
01/10/2020,SARIMAX,DOBC,-2.872373662
01/11/2020,SARIMAX,DOBC,5.055771446
01/12/2020,SARIMAX,DOBC,1.968929124
01/01/2021,SARIMAX,DOBC,2.649254371
01/02/2021,SARIMAX,DOBC,1.091727878
01/03/2021,SARIMAX,DOBC,-2.565126867
01/04/2021,SARIMAX,DOBC,-3.785277083
01/05/2021,SARIMAX,DOBC,-5.404345988
01/06/2021,SARIMAX,DOBC,0.129837509
01/07/2021,SARIMAX,DOBC,-2.479134534
01/08/2021,SARIMAX,DOBC,-1.020657757
01/09/2021,SARIMAX,DOBC,-2.834263262
01/10/2021,SARIMAX,DOBC,-4.162873506
01/11/2021,SARIMAX,DOBC,-3.24316826
01/12/2021,SARIMAX,DOBC,-6.332808675
01/01/2022,SARIMAX,DOBC,-9.188591553
01/02/2022,SARIMAX,DOBC,-7.754891659
01/03/2022,SARIMAX,DOBC,-8.741763706
01/04/2022,SARIMAX,DOBC,-9.894753289
01/05/2022,SARIMAX,DOBC,-11.46885725
01/06/2022,SARIMAX,DOBC,-9.781515731
01/07/2022,SARIMAX,DOBC,-17.56603269
01/08/2022,SARIMAX,DOBC,-16.62537128
01/09/2022,SARIMAX,DOBC,-17.34916381
01/10/2020,SARIMAX,IBUU,1.376320571
01/11/2020,SARIMAX,IBUU,-4.814611775
01/12/2020,SARIMAX,IBUU,-2.465158881
01/01/2021,SARIMAX,IBUU,1.45355867
01/02/2021,SARIMAX,IBUU,-3.108523546
01/03/2021,SARIMAX,IBUU,-5.92217484
01/04/2021,SARIMAX,IBUU,-1.570950406
01/05/2021,SARIMAX,IBUU,-5.033040968
01/06/2021,SARIMAX,IBUU,-2.004788547
01/07/2021,SARIMAX,IBUU,-6.993555137
01/08/2021,SARIMAX,IBUU,-8.841539057
01/09/2021,SARIMAX,IBUU,-5.637686464
01/10/2021,SARIMAX,IBUU,-15.10246916
01/11/2021,SARIMAX,IBUU,-10.97346838
01/12/2021,SARIMAX,IBUU,-5.705674236
01/01/2022,SARIMAX,IBUU,-17.30018249
01/02/2022,SARIMAX,IBUU,-19.62571989
01/03/2022,SARIMAX,IBUU,-28.24682938
01/04/2022,SARIMAX,IBUU,-23.95920017
01/05/2022,SARIMAX,IBUU,-21.85417607
01/06/2022,SARIMAX,IBUU,-18.8066783
01/07/2022,SARIMAX,IBUU,-22.44648577
01/08/2022,SARIMAX,IBUU,-23.48926711
01/09/2022,SARIMAX,IBUU,-29.05447728
01/10/2020,SARIMAX,DOBD,0.130851425
01/11/2020,SARIMAX,DOBD,1.233052995
01/12/2020,SARIMAX,DOBD,4.982194187
01/01/2021,SARIMAX,DOBD,2.772621946
01/02/2021,SARIMAX,DOBD,3.216388458
01/03/2021,SARIMAX,DOBD,11.46844598
01/04/2021,SARIMAX,DOBD,0.731404098
01/05/2021,SARIMAX,DOBD,4.675624657
01/06/2021,SARIMAX,DOBD,4.882906202
01/07/2021,SARIMAX,DOBD,3.125149643
01/08/2021,SARIMAX,DOBD,2.737091297
01/09/2021,SARIMAX,DOBD,0.890729465
01/10/2021,SARIMAX,DOBD,3.116473445
01/11/2021,SARIMAX,DOBD,3.414269925
01/12/2021,SARIMAX,DOBD,-4.628910225
01/01/2022,SARIMAX,DOBD,-6.822464498
01/02/2022,SARIMAX,DOBD,-9.870766552
01/03/2022,SARIMAX,DOBD,-2.051247039
01/04/2022,SARIMAX,DOBD,-12.61913057
01/05/2022,SARIMAX,DOBD,-15.64670825
01/06/2022,SARIMAX,DOBD,-18.31824368
01/07/2022,SARIMAX,DOBD,-27.40568369
01/08/2022,SARIMAX,DOBD,-31.53650515
01/09/2022,SARIMAX,DOBD,-32.92263019
01/10/2020,SARIMAX,DOBE,-159.9250333
01/11/2020,SARIMAX,DOBE,68.85303901
01/12/2020,SARIMAX,DOBE,-461.6876538
01/01/2021,SARIMAX,DOBE,469.5656452
01/02/2021,SARIMAX,DOBE,-1426.191033
01/03/2021,SARIMAX,DOBE,2157.954378
01/04/2021,SARIMAX,DOBE,-4888.877111
01/05/2021,SARIMAX,DOBE,8682.037966
01/06/2021,SARIMAX,DOBE,-17742.80774
01/07/2021,SARIMAX,DOBE,33404.22747
01/08/2021,SARIMAX,DOBE,-65924.63204
01/09/2021,SARIMAX,DOBE,126594.6972
01/10/2021,SARIMAX,DOBE,-246954.3557
01/11/2021,SARIMAX,DOBE,477404.5051
01/12/2021,SARIMAX,DOBE,-927681.017
01/01/2022,SARIMAX,DOBE,1797392.987
01/02/2022,SARIMAX,DOBE,-3488177.534
01/03/2022,SARIMAX,DOBE,6763286.857
01/04/2022,SARIMAX,DOBE,-13120098.12
01/05/2022,SARIMAX,DOBE,25444528.36
01/06/2022,SARIMAX,DOBE,-49353622.13
01/07/2022,SARIMAX,DOBE,95720881.75
01/08/2022,SARIMAX,DOBE,-185658426.8
01/09/2022,SARIMAX,DOBE,360090302.7
01/10/2020,SARIMAX,DOBF,-16.71996861
01/11/2020,SARIMAX,DOBF,23.8157127
01/12/2020,SARIMAX,DOBF,-0.941802102
01/01/2021,SARIMAX,DOBF,5.4605937
01/02/2021,SARIMAX,DOBF,0.719288435
01/03/2021,SARIMAX,DOBF,4.120841786
01/04/2021,SARIMAX,DOBF,4.73732118
01/05/2021,SARIMAX,DOBF,6.259372975
01/06/2021,SARIMAX,DOBF,2.444022349
01/07/2021,SARIMAX,DOBF,6.513390357
01/08/2021,SARIMAX,DOBF,-14.58392977
01/09/2021,SARIMAX,DOBF,-0.665364493
01/10/2021,SARIMAX,DOBF,-19.7702703
01/11/2021,SARIMAX,DOBF,-12.1533156
01/12/2021,SARIMAX,DOBF,-15.86012028
01/01/2022,SARIMAX,DOBF,-17.05448569
01/02/2022,SARIMAX,DOBF,-19.17636799
01/03/2022,SARIMAX,DOBF,-18.63200076
01/04/2022,SARIMAX,DOBF,-20.90121675
01/05/2022,SARIMAX,DOBF,-22.64582811
01/06/2022,SARIMAX,DOBF,-21.99983385
01/07/2022,SARIMAX,DOBF,-18.51951839
01/08/2022,SARIMAX,DOBF,-45.40794377
01/09/2022,SARIMAX,DOBF,-30.75871808
01/10/2020,SARIMAX,DOBG,-3.768101016
01/11/2020,SARIMAX,DOBG,-7.724033436
01/12/2020,SARIMAX,DOBG,-1.446656115
01/01/2021,SARIMAX,DOBG,-6.704300007
01/02/2021,SARIMAX,DOBG,-4.726123533
01/03/2021,SARIMAX,DOBG,-1.409463406
01/04/2021,SARIMAX,DOBG,-4.721404403
01/05/2021,SARIMAX,DOBG,1.731959431
01/06/2021,SARIMAX,DOBG,0.658631388
01/07/2021,SARIMAX,DOBG,-2.773575515
01/08/2021,SARIMAX,DOBG,-0.507192888
01/09/2021,SARIMAX,DOBG,-4.705368374
01/10/2021,SARIMAX,DOBG,-6.720979222
01/11/2021,SARIMAX,DOBG,-3.656333418
01/12/2021,SARIMAX,DOBG,-9.295472633
01/01/2022,SARIMAX,DOBG,-8.616124332
01/02/2022,SARIMAX,DOBG,-8.479769763
01/03/2022,SARIMAX,DOBG,-14.02556063
01/04/2022,SARIMAX,DOBG,-11.13220606
01/05/2022,SARIMAX,DOBG,-19.94220347
01/06/2022,SARIMAX,DOBG,-24.92650972
01/07/2022,SARIMAX,DOBG,-23.2721481
01/08/2022,SARIMAX,DOBG,-38.42989753
01/09/2022,SARIMAX,DOBG,-33.98543018
01/10/2020,SARIMAX,DOBH,-1.124956843
01/11/2020,SARIMAX,DOBH,1.137533909
01/12/2020,SARIMAX,DOBH,-0.643723798
01/01/2021,SARIMAX,DOBH,0.831270037
01/02/2021,SARIMAX,DOBH,0.631270037
01/03/2021,SARIMAX,DOBH,0.45001233
01/04/2021,SARIMAX,DOBH,-3.774993835
01/05/2021,SARIMAX,DOBH,-3.268754624
01/06/2021,SARIMAX,DOBH,-2.106263872
01/07/2021,SARIMAX,DOBH,1.731294698
01/08/2021,SARIMAX,DOBH,-0.087472257
01/09/2021,SARIMAX,DOBH,-0.787496917
01/10/2021,SARIMAX,DOBH,-2.876554022
01/11/2021,SARIMAX,DOBH,-3.228898928
01/12/2021,SARIMAX,DOBH,-4.805853017
01/01/2022,SARIMAX,DOBH,-3.007416288
01/02/2022,SARIMAX,DOBH,-5.107416288
01/03/2022,SARIMAX,DOBH,-7.584370376
01/04/2022,SARIMAX,DOBH,-9.385933647
01/05/2022,SARIMAX,DOBH,-10.41366937
01/06/2022,SARIMAX,DOBH,-11.46601428
01/07/2022,SARIMAX,DOBH,-7.801163205
01/08/2022,SARIMAX,DOBH,-12.1304622
01/09/2022,SARIMAX,DOBH,-13.93671528
01/10/2020,SARIMAX,DOBI,0.413659109
01/11/2020,SARIMAX,DOBI,2.292622166
01/12/2020,SARIMAX,DOBI,1.992622166
01/01/2021,SARIMAX,DOBI,1.585244332
01/02/2021,SARIMAX,DOBI,0.942073886
01/03/2021,SARIMAX,DOBI,0.7
01/04/2021,SARIMAX,DOBI,-3.826221659
01/05/2021,SARIMAX,DOBI,-4.047258602
01/06/2021,SARIMAX,DOBI,-3.618843824
01/07/2021,SARIMAX,DOBI,0.51256255
01/08/2021,SARIMAX,DOBI,0.334696052
01/09/2021,SARIMAX,DOBI,0.34945172
01/10/2021,SARIMAX,DOBI,-3.434400288
01/11/2021,SARIMAX,DOBI,-3.719492783
01/12/2021,SARIMAX,DOBI,-4.719492783
01/01/2022,SARIMAX,DOBI,-4.588437286
01/02/2022,SARIMAX,DOBI,-4.680363291
01/03/2022,SARIMAX,DOBI,-8.45054828
01/04/2022,SARIMAX,DOBI,-15.06110325
01/05/2022,SARIMAX,DOBI,-16.14619574
01/06/2022,SARIMAX,DOBI,-15.89215874
01/07/2022,SARIMAX,DOBI,-11.8561413
01/08/2022,SARIMAX,DOBI,-14.34930779
01/09/2022,SARIMAX,DOBI,-14.01141879
01/10/2020,SARIMAX,DOBJ,-2.356703374
01/11/2020,SARIMAX,DOBJ,0.820929644
01/12/2020,SARIMAX,DOBJ,-2.726911272
01/01/2021,SARIMAX,DOBJ,1.020125982
01/02/2021,SARIMAX,DOBJ,1.201341286
01/03/2021,SARIMAX,DOBJ,0.73534021
01/04/2021,SARIMAX,DOBJ,-2.698498659
01/05/2021,SARIMAX,DOBJ,-1.217359607
01/06/2021,SARIMAX,DOBJ,0.258788003
01/07/2021,SARIMAX,DOBJ,2.773064087
01/08/2021,SARIMAX,DOBJ,-0.780195756
01/09/2021,SARIMAX,DOBJ,-2.143813762
01/10/2021,SARIMAX,DOBJ,-1.660740732
01/11/2021,SARIMAX,DOBJ,-1.303046856
01/12/2021,SARIMAX,DOBJ,-4.6062488
01/01/2022,SARIMAX,DOBJ,0.457028037
01/02/2022,SARIMAX,DOBJ,-1.840967567
01/03/2022,SARIMAX,DOBJ,-3.178044598
01/04/2022,SARIMAX,DOBJ,-3.393953517
01/05/2022,SARIMAX,DOBJ,-3.324321983
01/06/2022,SARIMAX,DOBJ,-4.345302546
01/07/2022,SARIMAX,DOBJ,-2.849364402
01/08/2022,SARIMAX,DOBJ,-7.698988092
01/09/2022,SARIMAX,DOBJ,-10.10604372
01/10/2020,SARIMAX,DOBK,1.668142301
01/11/2020,SARIMAX,DOBK,-0.007629215
01/12/2020,SARIMAX,DOBK,1.577812381
01/01/2021,SARIMAX,DOBK,1.670877311
01/02/2021,SARIMAX,DOBK,2.796537736
01/03/2021,SARIMAX,DOBK,1.541579468
01/04/2021,SARIMAX,DOBK,-0.310727772
01/05/2021,SARIMAX,DOBK,-0.352872224
01/06/2021,SARIMAX,DOBK,-2.621156837
01/07/2021,SARIMAX,DOBK,-0.72685666
01/08/2021,SARIMAX,DOBK,-3.393862618
01/09/2021,SARIMAX,DOBK,-5.954253431
01/10/2021,SARIMAX,DOBK,-3.251246722
01/11/2021,SARIMAX,DOBK,-3.524585718
01/12/2021,SARIMAX,DOBK,-3.905137099
01/01/2022,SARIMAX,DOBK,-1.513106652
01/02/2022,SARIMAX,DOBK,0.802689137
01/03/2022,SARIMAX,DOBK,-5.091319891
01/04/2022,SARIMAX,DOBK,-4.88048466
01/05/2022,SARIMAX,DOBK,-5.866649331
01/06/2022,SARIMAX,DOBK,-6.34414184
01/07/2022,SARIMAX,DOBK,-5.536157396
01/08/2022,SARIMAX,DOBK,-8.806263568
01/09/2022,SARIMAX,DOBK,-11.26092778
01/10/2020,SARIMAX,DOBL,0.609519046
01/11/2020,SARIMAX,DOBL,2.371674936
01/12/2020,SARIMAX,DOBL,4.66215589
01/01/2021,SARIMAX,DOBL,4.844610275
01/02/2021,SARIMAX,DOBL,4.47568822
01/03/2021,SARIMAX,DOBL,4.8
01/04/2021,SARIMAX,DOBL,0.039104513
01/05/2021,SARIMAX,DOBL,-0.787960147
01/06/2021,SARIMAX,DOBL,-1.194726312
01/07/2021,SARIMAX,DOBL,-2.966169174
01/08/2021,SARIMAX,DOBL,-5.933830826
01/09/2021,SARIMAX,DOBL,-9.852868918
01/10/2021,SARIMAX,DOBL,-12.65984053
01/11/2021,SARIMAX,DOBL,-1.61700141
01/12/2021,SARIMAX,DOBL,-2.810029801
01/01/2022,SARIMAX,DOBL,-1.95996671
01/02/2022,SARIMAX,DOBL,-1.838547151
01/03/2022,SARIMAX,DOBL,-10.45286892
01/04/2022,SARIMAX,DOBL,-17.37454084
01/05/2022,SARIMAX,DOBL,-18.81750614
01/06/2022,SARIMAX,DOBL,-20.15324747
01/07/2022,SARIMAX,DOBL,-16.87416229
01/08/2022,SARIMAX,DOBL,-21.93157554
01/09/2022,SARIMAX,DOBL,-24.91763233
01/10/2020,SARIMAX,DOBM,1.075196372
01/11/2020,SARIMAX,DOBM,-2.00049226
01/12/2020,SARIMAX,DOBM,-0.981157274
01/01/2021,SARIMAX,DOBM,-1.213020088
01/02/2021,SARIMAX,DOBM,0.613720859
01/03/2021,SARIMAX,DOBM,-2.240659157
01/04/2021,SARIMAX,DOBM,-2.214963927
01/05/2021,SARIMAX,DOBM,-1.759277135
01/06/2021,SARIMAX,DOBM,-4.858179519
01/07/2021,SARIMAX,DOBM,-1.701195383
01/08/2021,SARIMAX,DOBM,-4.030749055
01/09/2021,SARIMAX,DOBM,-5.844531201
01/10/2021,SARIMAX,DOBM,-1.244436978
01/11/2021,SARIMAX,DOBM,-6.773654417
01/12/2021,SARIMAX,DOBM,-7.919474811
01/01/2022,SARIMAX,DOBM,-3.337834755
01/02/2022,SARIMAX,DOBM,-1.008221676
01/03/2022,SARIMAX,DOBM,-6.567958486
01/04/2022,SARIMAX,DOBM,-3.467596767
01/05/2022,SARIMAX,DOBM,-3.735905339
01/06/2022,SARIMAX,DOBM,-4.420810943
01/07/2022,SARIMAX,DOBM,-5.288378108
01/08/2022,SARIMAX,DOBM,-7.662011943
01/09/2022,SARIMAX,DOBM,-9.227194197
01/10/2020,SARIMAX,DOBN,1.680748519
01/11/2020,SARIMAX,DOBN,11.14617803
01/12/2020,SARIMAX,DOBN,-5.791503541
01/01/2021,SARIMAX,DOBN,-5.257697261
01/02/2021,SARIMAX,DOBN,-2.470396579
01/03/2021,SARIMAX,DOBN,9.294868394
01/04/2021,SARIMAX,DOBN,9.016435559
01/05/2021,SARIMAX,DOBN,14.10360223
01/06/2021,SARIMAX,DOBN,12.09169934
01/07/2021,SARIMAX,DOBN,11.03220484
01/08/2021,SARIMAX,DOBN,9.645114242
01/09/2021,SARIMAX,DOBN,11.9886605
01/10/2021,SARIMAX,DOBN,13.02153244
01/11/2021,SARIMAX,DOBN,-15.13255215
01/12/2021,SARIMAX,DOBN,-15.03066005
01/01/2022,SARIMAX,DOBN,-16.45748468
01/02/2022,SARIMAX,DOBN,-17.05768371
01/03/2022,SARIMAX,DOBN,-13.92732947
01/04/2022,SARIMAX,DOBN,-18.0212027
01/05/2022,SARIMAX,DOBN,-18.41642036
01/06/2022,SARIMAX,DOBN,-18.28934932
01/07/2022,SARIMAX,DOBN,-17.45398309
01/08/2022,SARIMAX,DOBN,-19.05872326
01/09/2022,SARIMAX,DOBN,-18.35635264
01/10/2020,SARIMAX,DOBO,0.604606847
01/11/2020,SARIMAX,DOBO,15.27550308
01/12/2020,SARIMAX,DOBO,-6.04905123
01/01/2021,SARIMAX,DOBO,-6.030926801
01/02/2021,SARIMAX,DOBO,12.08892516
01/03/2021,SARIMAX,DOBO,20.5225172
01/04/2021,SARIMAX,DOBO,16.37913579
01/05/2021,SARIMAX,DOBO,10.74435912
01/06/2021,SARIMAX,DOBO,3.709033245
01/07/2021,SARIMAX,DOBO,5.549086519
01/08/2021,SARIMAX,DOBO,20.38168886
01/09/2021,SARIMAX,DOBO,23.78794233
01/10/2021,SARIMAX,DOBO,21.48298045
01/11/2021,SARIMAX,DOBO,-6.462613177
01/12/2021,SARIMAX,DOBO,-22.29549157
01/01/2022,SARIMAX,DOBO,-27.87692587
01/02/2022,SARIMAX,DOBO,-26.0547239
01/03/2022,SARIMAX,DOBO,-30.79870809
01/04/2022,SARIMAX,DOBO,-46.06093116
01/05/2022,SARIMAX,DOBO,-57.31553664
01/06/2022,SARIMAX,DOBO,-64.23248062
01/07/2022,SARIMAX,DOBO,-60.53089575
01/08/2022,SARIMAX,DOBO,-38.61375187
01/09/2022,SARIMAX,DOBO,-33.87429704
01/10/2020,SARIMAX,DOBP,-0.039523411
01/11/2020,SARIMAX,DOBP,0.290492625
01/12/2020,SARIMAX,DOBP,0.247429369
01/01/2021,SARIMAX,DOBP,0.00388753
01/02/2021,SARIMAX,DOBP,-0.142147358
01/03/2021,SARIMAX,DOBP,-0.041657306
01/04/2021,SARIMAX,DOBP,0.677222734
01/05/2021,SARIMAX,DOBP,0.777336629
01/06/2021,SARIMAX,DOBP,0.503840555
01/07/2021,SARIMAX,DOBP,0.780705779
01/08/2021,SARIMAX,DOBP,0.654267462
01/09/2021,SARIMAX,DOBP,0.454273073
01/10/2021,SARIMAX,DOBP,-0.701240802
01/11/2021,SARIMAX,DOBP,-0.952712802
01/12/2021,SARIMAX,DOBP,-1.410835286
01/01/2022,SARIMAX,DOBP,-2.542859806
01/02/2022,SARIMAX,DOBP,-3.003168372
01/03/2022,SARIMAX,DOBP,-3.202807883
01/04/2022,SARIMAX,DOBP,-4.130221331
01/05/2022,SARIMAX,DOBP,-4.63013755
01/06/2022,SARIMAX,DOBP,-5.310643918
01/07/2022,SARIMAX,DOBP,-7.121859366
01/08/2022,SARIMAX,DOBP,-7.841304736
01/09/2022,SARIMAX,DOBP,-8.641300609
01/10/2020,SARIMAX,DOBQ,3.096842958
01/11/2020,SARIMAX,DOBQ,3.171709939
01/12/2020,SARIMAX,DOBQ,4.147030687
01/01/2021,SARIMAX,DOBQ,2.637895853
01/02/2021,SARIMAX,DOBQ,2.549896909
01/03/2021,SARIMAX,DOBQ,1.973669391
01/04/2021,SARIMAX,DOBQ,1.019803777
01/05/2021,SARIMAX,DOBQ,-5.11977993
01/06/2021,SARIMAX,DOBQ,-7.978984521
01/07/2021,SARIMAX,DOBQ,-7.78539046
01/08/2021,SARIMAX,DOBQ,-6.333050231
01/09/2021,SARIMAX,DOBQ,-7.274138161
01/10/2021,SARIMAX,DOBQ,-6.146033462
01/11/2021,SARIMAX,DOBQ,-6.14123063
01/12/2021,SARIMAX,DOBQ,-5.27120229
01/01/2022,SARIMAX,DOBQ,-7.939120503
01/02/2022,SARIMAX,DOBQ,-12.58415339
01/03/2022,SARIMAX,DOBQ,-15.52810543
01/04/2022,SARIMAX,DOBQ,-20.34388249
01/05/2022,SARIMAX,DOBQ,-32.64384425
01/06/2022,SARIMAX,DOBQ,-40.8810159
01/07/2022,SARIMAX,DOBQ,-51.56838509
01/08/2022,SARIMAX,DOBQ,-52.44860487
01/09/2022,SARIMAX,DOBQ,-63.65064141
01/10/2020,SARIMAX,CHOO,-4.745409956
01/11/2020,SARIMAX,CHOO,-8.108575414
01/12/2020,SARIMAX,CHOO,-13.92467645
01/01/2021,SARIMAX,CHOO,-16.61434029
01/02/2021,SARIMAX,CHOO,-21.15155119
01/03/2021,SARIMAX,CHOO,-22.86402619
01/04/2021,SARIMAX,CHOO,-28.35149182
01/05/2021,SARIMAX,CHOO,-24.00817268
01/06/2021,SARIMAX,CHOO,-28.2219128
01/07/2021,SARIMAX,CHOO,-34.79322492
01/08/2021,SARIMAX,CHOO,-30.60477882
01/09/2021,SARIMAX,CHOO,-38.46534868
01/10/2021,SARIMAX,CHOO,-42.80206271
01/11/2021,SARIMAX,CHOO,-48.90096147
01/12/2021,SARIMAX,CHOO,-50.9400947
01/01/2022,SARIMAX,CHOO,-56.07036288
01/02/2022,SARIMAX,CHOO,-59.67753925
01/03/2022,SARIMAX,CHOO,-64.86828893
01/04/2022,SARIMAX,CHOO,-67.17209657
01/05/2022,SARIMAX,CHOO,-70.34740991
01/06/2022,SARIMAX,CHOO,-72.66903959
01/07/2022,SARIMAX,CHOO,-72.84255948
01/08/2022,SARIMAX,CHOO,-79.17353867
01/09/2022,SARIMAX,CHOO,-83.19198703
01/10/2020,SARIMAX,DOBR,0
01/11/2020,SARIMAX,DOBR,0
01/12/2020,SARIMAX,DOBR,0
01/01/2021,SARIMAX,DOBR,0
01/02/2021,SARIMAX,DOBR,0
01/03/2021,SARIMAX,DOBR,5.68E-14
01/04/2021,SARIMAX,DOBR,0.496765752
01/05/2021,SARIMAX,DOBR,0.496765752
01/06/2021,SARIMAX,DOBR,0.496765752
01/07/2021,SARIMAX,DOBR,0.496765752
01/08/2021,SARIMAX,DOBR,0.496765752
01/09/2021,SARIMAX,DOBR,0.496765752
01/10/2021,SARIMAX,DOBR,0.496765752
01/11/2021,SARIMAX,DOBR,0.496765752
01/12/2021,SARIMAX,DOBR,0.496765752
01/01/2022,SARIMAX,DOBR,0.496765752
01/02/2022,SARIMAX,DOBR,0.496765752
01/03/2022,SARIMAX,DOBR,0.496765752
01/04/2022,SARIMAX,DOBR,1.734594746
01/05/2022,SARIMAX,DOBR,1.734594746
01/06/2022,SARIMAX,DOBR,1.734594746
01/07/2022,SARIMAX,DOBR,1.734594746
01/08/2022,SARIMAX,DOBR,1.734594746
01/09/2022,SARIMAX,DOBR,1.734594746
01/10/2020,SARIMAX,DOBS,0
01/11/2020,SARIMAX,DOBS,0
01/12/2020,SARIMAX,DOBS,0
01/01/2021,SARIMAX,DOBS,0
01/02/2021,SARIMAX,DOBS,1.14E-13
01/03/2021,SARIMAX,DOBS,6.93E-12
01/04/2021,SARIMAX,DOBS,-12.65094559
01/05/2021,SARIMAX,DOBS,-12.65094559
01/06/2021,SARIMAX,DOBS,-12.65094559
01/07/2021,SARIMAX,DOBS,-12.65094559
01/08/2021,SARIMAX,DOBS,-12.65094559
01/09/2021,SARIMAX,DOBS,-12.65094559
01/10/2021,SARIMAX,DOBS,-12.65094559
01/11/2021,SARIMAX,DOBS,-12.65094559
01/12/2021,SARIMAX,DOBS,-12.65094559
01/01/2022,SARIMAX,DOBS,-12.65094559
01/02/2022,SARIMAX,DOBS,-12.65094559
01/03/2022,SARIMAX,DOBS,-12.65094559
01/04/2022,SARIMAX,DOBS,-42.21011463
01/05/2022,SARIMAX,DOBS,-42.21011463
01/06/2022,SARIMAX,DOBS,-42.21011463
01/07/2022,SARIMAX,DOBS,-42.21011463
01/08/2022,SARIMAX,DOBS,-42.21011463
01/09/2022,SARIMAX,DOBS,-42.21011463
01/10/2020,SARIMAX,DOBT,0.78719624
01/11/2020,SARIMAX,DOBT,1.745915864
01/12/2020,SARIMAX,DOBT,1.311037368
01/01/2021,SARIMAX,DOBT,1.58719624
01/02/2021,SARIMAX,DOBT,2.063355112
01/03/2021,SARIMAX,DOBT,2.463355112
01/04/2021,SARIMAX,DOBT,1.765121504
01/05/2021,SARIMAX,DOBT,2.8
01/06/2021,SARIMAX,DOBT,2.341280376
01/07/2021,SARIMAX,DOBT,1.688962632
01/08/2021,SARIMAX,DOBT,1.134878496
01/09/2021,SARIMAX,DOBT,-0.617439248
01/10/2021,SARIMAX,DOBT,-0.859836064
01/11/2021,SARIMAX,DOBT,-0.984075745
01/12/2021,SARIMAX,DOBT,-1.187117019
01/01/2022,SARIMAX,DOBT,-1.459836064
01/02/2022,SARIMAX,DOBT,-1.532555108
01/03/2022,SARIMAX,DOBT,-2.032555108
01/04/2022,SARIMAX,DOBT,-5.020480522
01/05/2022,SARIMAX,DOBT,-4.217439248
01/06/2022,SARIMAX,DOBT,-4.893199566
01/07/2022,SARIMAX,DOBT,-4.947761477
01/08/2022,SARIMAX,DOBT,-4.314397974
01/09/2022,SARIMAX,DOBT,-6.168959885
01/10/2020,SARIMAX,DOBU,-0.929592664
01/11/2020,SARIMAX,DOBU,-2.215425279
01/12/2020,SARIMAX,DOBU,-2.378480172
01/01/2021,SARIMAX,DOBU,-0.718463374
01/02/2021,SARIMAX,DOBU,-1.141288513
01/03/2021,SARIMAX,DOBU,-2.126412114
01/04/2021,SARIMAX,DOBU,-4.48560486
01/05/2021,SARIMAX,DOBU,-6.552891905
01/06/2021,SARIMAX,DOBU,-11.41386534
01/07/2021,SARIMAX,DOBU,-14.35644616
01/08/2021,SARIMAX,DOBU,-16.40304125
01/09/2021,SARIMAX,DOBU,-17.48942555
01/10/2021,SARIMAX,DOBU,-25.13358893
01/11/2021,SARIMAX,DOBU,-26.43317645
01/12/2021,SARIMAX,DOBU,-29.2699135
01/01/2022,SARIMAX,DOBU,-30.61889772
01/02/2022,SARIMAX,DOBU,-32.38575885
01/03/2022,SARIMAX,DOBU,-35.52345614
01/04/2022,SARIMAX,DOBU,-39.17826136
01/05/2022,SARIMAX,DOBU,-41.03638131
01/06/2022,SARIMAX,DOBU,-45.09936795
01/07/2022,SARIMAX,DOBU,-47.66963964
01/08/2022,SARIMAX,DOBU,-49.20800649
01/09/2022,SARIMAX,DOBU,-54.47612839
01/10/2020,SARIMAX,DOBV,-4.205879496
01/11/2020,SARIMAX,DOBV,-1.599425206
01/12/2020,SARIMAX,DOBV,-4.008178672
01/01/2021,SARIMAX,DOBV,-7.776038779
01/02/2021,SARIMAX,DOBV,-13.13572021
01/03/2021,SARIMAX,DOBV,-11.7737396
01/04/2021,SARIMAX,DOBV,-12.06268696
01/05/2021,SARIMAX,DOBV,-8.530547068
01/06/2021,SARIMAX,DOBV,-10.22824789
01/07/2021,SARIMAX,DOBV,-9.749909938
01/08/2021,SARIMAX,DOBV,-6.13943209
01/09/2021,SARIMAX,DOBV,-7.485630151
01/10/2021,SARIMAX,DOBV,-10.06655659
01/11/2021,SARIMAX,DOBV,-12.06250927
01/12/2021,SARIMAX,DOBV,-56.25904013
01/01/2022,SARIMAX,DOBV,-104.2885211
01/02/2022,SARIMAX,DOBV,-115.3445921
01/03/2022,SARIMAX,DOBV,-116.0960376
01/04/2022,SARIMAX,DOBV,-123.0070232
01/05/2022,SARIMAX,DOBV,-125.8365041
01/06/2022,SARIMAX,DOBV,-134.5440206
01/07/2022,SARIMAX,DOBV,-140.9486461
01/08/2022,SARIMAX,DOBV,-147.4827526
01/09/2022,SARIMAX,DOBV,-159.8076081
01/10/2020,SARIMAX,DOBW,4.24804045
01/11/2020,SARIMAX,DOBW,1.714779282
01/12/2020,SARIMAX,DOBW,7.962313409
01/01/2021,SARIMAX,DOBW,6.403694362
01/02/2021,SARIMAX,DOBW,9.034275861
01/03/2021,SARIMAX,DOBW,9.115942083
01/04/2021,SARIMAX,DOBW,5.436456722
01/05/2021,SARIMAX,DOBW,7.419919082
01/06/2021,SARIMAX,DOBW,7.281480364
01/07/2021,SARIMAX,DOBW,7.610144628
01/08/2021,SARIMAX,DOBW,5.247267311
01/09/2021,SARIMAX,DOBW,5.462504493
01/10/2021,SARIMAX,DOBW,8.509275096
01/11/2021,SARIMAX,DOBW,12.13738538
01/12/2021,SARIMAX,DOBW,5.331006737
01/01/2022,SARIMAX,DOBW,0.969855411
01/02/2022,SARIMAX,DOBW,-3.781025246
01/03/2022,SARIMAX,DOBW,-17.61345392
01/04/2022,SARIMAX,DOBW,-27.83686689
01/05/2022,SARIMAX,DOBW,-38.40895845
01/06/2022,SARIMAX,DOBW,-60.42903806
01/07/2022,SARIMAX,DOBW,-77.32144162
01/08/2022,SARIMAX,DOBW,-90.52050151
01/09/2022,SARIMAX,DOBW,-97.0650601
01/10/2020,SARIMAX,DOBX,13.55982928
01/11/2020,SARIMAX,DOBX,13.25736137
01/12/2020,SARIMAX,DOBX,13.97713183
01/01/2021,SARIMAX,DOBX,2.930371675
01/02/2021,SARIMAX,DOBX,3.303624803
01/03/2021,SARIMAX,DOBX,3.188253041
01/04/2021,SARIMAX,DOBX,-6.427814416
01/05/2021,SARIMAX,DOBX,-6.463146433
01/06/2021,SARIMAX,DOBX,-6.447525457
01/07/2021,SARIMAX,DOBX,-7.096834651
01/08/2021,SARIMAX,DOBX,-7.088548782
01/09/2021,SARIMAX,DOBX,-7.090157152
01/10/2021,SARIMAX,DOBX,-46.50617453
01/11/2021,SARIMAX,DOBX,-46.62202641
01/12/2021,SARIMAX,DOBX,-46.35027851
01/01/2022,SARIMAX,DOBX,-52.22001465
01/02/2022,SARIMAX,DOBX,-52.07882925
01/03/2022,SARIMAX,DOBX,-52.12235976
01/04/2022,SARIMAX,DOBX,-219.7093284
01/05/2022,SARIMAX,DOBX,-219.7227116
01/06/2022,SARIMAX,DOBX,-219.7168203
01/07/2022,SARIMAX,DOBX,-222.8222138
01/08/2022,SARIMAX,DOBX,-222.8190801
01/09/2022,SARIMAX,DOBX,-222.8196867
01/10/2020,SARIMAX,DOBY,31.44856472
01/11/2020,SARIMAX,DOBY,31.27840016
01/12/2020,SARIMAX,DOBY,31.72066515
01/01/2021,SARIMAX,DOBY,13.09168183
01/02/2021,SARIMAX,DOBY,13.34212007
01/03/2021,SARIMAX,DOBY,13.27918025
01/04/2021,SARIMAX,DOBY,-1.4105229
01/05/2021,SARIMAX,DOBY,-1.435494524
01/06/2021,SARIMAX,DOBY,-1.430148287
01/07/2021,SARIMAX,DOBY,-1.425292596
01/08/2021,SARIMAX,DOBY,-1.419132313
01/09/2021,SARIMAX,DOBY,-1.41859522
01/10/2021,SARIMAX,DOBY,-81.22080515
01/11/2021,SARIMAX,DOBY,-81.29565402
01/12/2021,SARIMAX,DOBY,-81.10476556
01/01/2022,SARIMAX,DOBY,-89.1618618
01/02/2022,SARIMAX,DOBY,-89.05334319
01/03/2022,SARIMAX,DOBY,-89.08045094
01/04/2022,SARIMAX,DOBY,-348.6472097
01/05/2022,SARIMAX,DOBY,-348.6580323
01/06/2022,SARIMAX,DOBY,-348.6557436
01/07/2022,SARIMAX,DOBY,-348.6536594
01/08/2022,SARIMAX,DOBY,-348.6509954
01/09/2022,SARIMAX,DOBY,-348.6507596
01/10/2020,SARIMAX,DOBZ,9.792543206
01/11/2020,SARIMAX,DOBZ,-0.34338497
01/12/2020,SARIMAX,DOBZ,-48.09099486
01/01/2021,SARIMAX,DOBZ,-72.99788349
01/02/2021,SARIMAX,DOBZ,-107.3237137
01/03/2021,SARIMAX,DOBZ,-145.0197303
01/04/2021,SARIMAX,DOBZ,-162.8774144
01/05/2021,SARIMAX,DOBZ,-179.767432
01/06/2021,SARIMAX,DOBZ,-184.8554316
01/07/2021,SARIMAX,DOBZ,-184.3479476
01/08/2021,SARIMAX,DOBZ,-181.4217307
01/09/2021,SARIMAX,DOBZ,-198.7944816
01/10/2021,SARIMAX,DOBZ,-250.7791547
01/11/2021,SARIMAX,DOBZ,-282.2287527
01/12/2021,SARIMAX,DOBZ,-273.0679856
01/01/2022,SARIMAX,DOBZ,-291.5409198
01/02/2022,SARIMAX,DOBZ,-362.658347
01/03/2022,SARIMAX,DOBZ,-607.9019113
01/04/2022,SARIMAX,DOBZ,-620.8147522
01/05/2022,SARIMAX,DOBZ,-683.9027022
01/06/2022,SARIMAX,DOBZ,-704.9019814
01/07/2022,SARIMAX,DOBZ,-668.182781
01/08/2022,SARIMAX,DOBZ,-578.7526212
01/09/2022,SARIMAX,DOBZ,-658.1529654
01/10/2020,SARIMAX,DOCA,-0.375465117
01/11/2020,SARIMAX,DOCA,-0.654799886
01/12/2020,SARIMAX,DOCA,-2.642770693
01/01/2021,SARIMAX,DOCA,-9.728152243
01/02/2021,SARIMAX,DOCA,-4.204886583
01/03/2021,SARIMAX,DOCA,-7.885815973
01/04/2021,SARIMAX,DOCA,-12.23524774
01/05/2021,SARIMAX,DOCA,-14.44570648
01/06/2021,SARIMAX,DOCA,-13.75224636
01/07/2021,SARIMAX,DOCA,-15.03780029
01/08/2021,SARIMAX,DOCA,-18.18212135
01/09/2021,SARIMAX,DOCA,-27.55424312
01/10/2021,SARIMAX,DOCA,-29.64235589
01/11/2021,SARIMAX,DOCA,-31.97791392
01/12/2021,SARIMAX,DOCA,-36.30532654
01/01/2022,SARIMAX,DOCA,-45.85280968
01/02/2022,SARIMAX,DOCA,-44.28442431
01/03/2022,SARIMAX,DOCA,-56.61662028
01/04/2022,SARIMAX,DOCA,-61.80611396
01/05/2022,SARIMAX,DOCA,-63.64258825
01/06/2022,SARIMAX,DOCA,-66.0751864
01/07/2022,SARIMAX,DOCA,-60.47030723
01/08/2022,SARIMAX,DOCA,-65.34495891
01/09/2022,SARIMAX,DOCA,-70.10557806
01/10/2020,SARIMAX,DOCB,-1.366175516
01/11/2020,SARIMAX,DOCB,1.442750622
01/12/2020,SARIMAX,DOCB,-1.156620061
01/01/2021,SARIMAX,DOCB,-4.823060875
01/02/2021,SARIMAX,DOCB,-9.675277178
01/03/2021,SARIMAX,DOCB,-9.249090279
01/04/2021,SARIMAX,DOCB,-10.85218783
01/05/2021,SARIMAX,DOCB,-11.00972641
01/06/2021,SARIMAX,DOCB,-12.12475235
01/07/2021,SARIMAX,DOCB,-12.96724494
01/08/2021,SARIMAX,DOCB,-12.87253489
01/09/2021,SARIMAX,DOCB,-15.06889203
01/10/2021,SARIMAX,DOCB,-16.09226702
01/11/2021,SARIMAX,DOCB,-14.49141204
01/12/2021,SARIMAX,DOCB,-16.27293052
01/01/2022,SARIMAX,DOCB,-20.0744476
01/02/2022,SARIMAX,DOCB,-27.28441357
01/03/2022,SARIMAX,DOCB,-29.46061216
01/04/2022,SARIMAX,DOCB,-29.67599762
01/05/2022,SARIMAX,DOCB,-31.68943915
01/06/2022,SARIMAX,DOCB,-30.90654428
01/07/2022,SARIMAX,DOCB,-30.47961162
01/08/2022,SARIMAX,DOCB,-34.53960778
01/09/2022,SARIMAX,DOCB,-32.61179972
01/10/2020,SARIMAX,DOCC,-0.117594573
01/11/2020,SARIMAX,DOCC,-0.843976775
01/12/2020,SARIMAX,DOCC,0.524833137
01/01/2021,SARIMAX,DOCC,-1.391251759
01/02/2021,SARIMAX,DOCC,-2.076512676
01/03/2021,SARIMAX,DOCC,-2.946262124
01/04/2021,SARIMAX,DOCC,-2.201001314
01/05/2021,SARIMAX,DOCC,-4.103818354
01/06/2021,SARIMAX,DOCC,-4.916090578
01/07/2021,SARIMAX,DOCC,-5.00763178
01/08/2021,SARIMAX,DOCC,-6.325542671
01/09/2021,SARIMAX,DOCC,-3.55290571
01/10/2021,SARIMAX,DOCC,-5.832848013
01/11/2021,SARIMAX,DOCC,-7.86030156
01/12/2021,SARIMAX,DOCC,-8.881069668
01/01/2022,SARIMAX,DOCC,-9.560143216
01/02/2022,SARIMAX,DOCC,-10.20920717
01/03/2022,SARIMAX,DOCC,-10.80689059
01/04/2022,SARIMAX,DOCC,-10.85348192
01/05/2022,SARIMAX,DOCC,-10.98246605
01/06/2022,SARIMAX,DOCC,-11.10461949
01/07/2022,SARIMAX,DOCC,-10.61766269
01/08/2022,SARIMAX,DOCC,-12.19778702
01/09/2022,SARIMAX,DOCC,-12.27107891
01/10/2020,SARIMAX,DOCD,-3.002270747
01/11/2020,SARIMAX,DOCD,-2.154851861
01/12/2020,SARIMAX,DOCD,0.192686388
01/01/2021,SARIMAX,DOCD,0.039809367
01/02/2021,SARIMAX,DOCD,-0.324173705
01/03/2021,SARIMAX,DOCD,-0.698354644
01/04/2021,SARIMAX,DOCD,-4.898084528
01/05/2021,SARIMAX,DOCD,-3.833255069
01/06/2021,SARIMAX,DOCD,-5.617889378
01/07/2021,SARIMAX,DOCD,-6.4630105
01/08/2021,SARIMAX,DOCD,-5.687585733
01/09/2021,SARIMAX,DOCD,-6.891488634
01/10/2021,SARIMAX,DOCD,-11.30588442
01/11/2021,SARIMAX,DOCD,-14.45353073
01/12/2021,SARIMAX,DOCD,-14.87279941
01/01/2022,SARIMAX,DOCD,-30.14320091
01/02/2022,SARIMAX,DOCD,-30.02539952
01/03/2022,SARIMAX,DOCD,-31.30745832
01/04/2022,SARIMAX,DOCD,-36.33371658
01/05/2022,SARIMAX,DOCD,-37.10768026
01/06/2022,SARIMAX,DOCD,-36.07477294
01/07/2022,SARIMAX,DOCD,-37.31271356
01/08/2022,SARIMAX,DOCD,-36.69594145
01/09/2022,SARIMAX,DOCD,-44.8376383
01/10/2020,SARIMAX,DOCE,-1.778466807
01/11/2020,SARIMAX,DOCE,4.484324142
01/12/2020,SARIMAX,DOCE,5.194269605
01/01/2021,SARIMAX,DOCE,4.342646646
01/02/2021,SARIMAX,DOCE,3.883713115
01/03/2021,SARIMAX,DOCE,6.494699223
01/04/2021,SARIMAX,DOCE,6.349713485
01/05/2021,SARIMAX,DOCE,4.938717088
01/06/2021,SARIMAX,DOCE,3.037334314
01/07/2021,SARIMAX,DOCE,4.546783643
01/08/2021,SARIMAX,DOCE,2.394499595
01/09/2021,SARIMAX,DOCE,1.120223389
01/10/2021,SARIMAX,DOCE,1.649780685
01/11/2021,SARIMAX,DOCE,-0.227703177
01/12/2021,SARIMAX,DOCE,-1.64292001
01/01/2022,SARIMAX,DOCE,-1.842593186
01/02/2022,SARIMAX,DOCE,-5.23072529
01/03/2022,SARIMAX,DOCE,-5.803349633
01/04/2022,SARIMAX,DOCE,-12.10330616
01/05/2022,SARIMAX,DOCE,-14.29582194
01/06/2022,SARIMAX,DOCE,-15.53439123
01/07/2022,SARIMAX,DOCE,-22.29393038
01/08/2022,SARIMAX,DOCE,-24.39777189
01/09/2022,SARIMAX,DOCE,-29.22613336
01/10/2020,SARIMAX,DOCF,0.147372747
01/11/2020,SARIMAX,DOCF,0.221925504
01/12/2020,SARIMAX,DOCF,-0.3390172
01/01/2021,SARIMAX,DOCF,-0.121073788
01/02/2021,SARIMAX,DOCF,1.272231041
01/03/2021,SARIMAX,DOCF,1.382436152
01/04/2021,SARIMAX,DOCF,2.379527431
01/05/2021,SARIMAX,DOCF,-0.69489393
01/06/2021,SARIMAX,DOCF,-0.867720874
01/07/2021,SARIMAX,DOCF,-1.633767761
01/08/2021,SARIMAX,DOCF,-5.376082797
01/09/2021,SARIMAX,DOCF,-1.570636953
01/10/2021,SARIMAX,DOCF,-4.800227523
01/11/2021,SARIMAX,DOCF,-5.147955382
01/12/2021,SARIMAX,DOCF,-7.102064512
01/01/2022,SARIMAX,DOCF,-6.6149482
01/02/2022,SARIMAX,DOCF,-9.88200085
01/03/2022,SARIMAX,DOCF,-10.08784376
01/04/2022,SARIMAX,DOCF,-9.668832422
01/05/2022,SARIMAX,DOCF,-13.82505785
01/06/2022,SARIMAX,DOCF,-17.18514874
01/07/2022,SARIMAX,DOCF,-23.55185045
01/08/2022,SARIMAX,DOCF,-30.06435082
01/09/2022,SARIMAX,DOCF,-33.07879989
01/10/2020,SARIMAX,DOCG,-0.232941463
01/11/2020,SARIMAX,DOCG,-0.183612622
01/12/2020,SARIMAX,DOCG,-0.194058742
01/01/2021,SARIMAX,DOCG,-26.09184662
01/02/2021,SARIMAX,DOCG,-26.09231507
01/03/2021,SARIMAX,DOCG,-26.09221587
01/04/2021,SARIMAX,DOCG,-5.934544177
01/05/2021,SARIMAX,DOCG,-5.934539728
01/06/2021,SARIMAX,DOCG,-5.93454067
01/07/2021,SARIMAX,DOCG,-5.934540471
01/08/2021,SARIMAX,DOCG,-5.934540513
01/09/2021,SARIMAX,DOCG,-5.374624572
01/10/2021,SARIMAX,DOCG,-5.493195152
01/11/2021,SARIMAX,DOCG,-5.468086057
01/12/2021,SARIMAX,DOCG,-5.473403284
01/01/2022,SARIMAX,DOCG,-5.472277282
01/02/2022,SARIMAX,DOCG,-5.472515729
01/03/2022,SARIMAX,DOCG,-5.472465235
01/04/2022,SARIMAX,DOCG,-10.47195586
01/05/2022,SARIMAX,DOCG,-10.47195359
01/06/2022,SARIMAX,DOCG,-10.47195407
01/07/2022,SARIMAX,DOCG,-10.47195397
01/08/2022,SARIMAX,DOCG,-10.47195399
01/09/2022,SARIMAX,DOCG,-9.646864601
01/10/2020,SARIMAX,DOCH,0.417850714
01/11/2020,SARIMAX,DOCH,-0.551268239
01/12/2020,SARIMAX,DOCH,0.222518165
01/01/2021,SARIMAX,DOCH,1.580256941
01/02/2021,SARIMAX,DOCH,1.834854752
01/03/2021,SARIMAX,DOCH,1.839928311
01/04/2021,SARIMAX,DOCH,-0.371098881
01/05/2021,SARIMAX,DOCH,1.461223036
01/06/2021,SARIMAX,DOCH,0.653803843
01/07/2021,SARIMAX,DOCH,2.697974839
01/08/2021,SARIMAX,DOCH,3.080003446
01/09/2021,SARIMAX,DOCH,2.26103879
01/10/2021,SARIMAX,DOCH,2.68561215
01/11/2021,SARIMAX,DOCH,2.139513031
01/12/2021,SARIMAX,DOCH,4.886485236
01/01/2022,SARIMAX,DOCH,4.749498693
01/02/2022,SARIMAX,DOCH,4.502142714
01/03/2022,SARIMAX,DOCH,5.647786115
01/04/2022,SARIMAX,DOCH,1.57830061
01/05/2022,SARIMAX,DOCH,2.327401293
01/06/2022,SARIMAX,DOCH,1.590275455
01/07/2022,SARIMAX,DOCH,1.367383636
01/08/2022,SARIMAX,DOCH,3.93409971
01/09/2022,SARIMAX,DOCH,4.043278283
01/10/2020,SARIMAX,DOCI,-1.092936632
01/11/2020,SARIMAX,DOCI,-1.271991425
01/12/2020,SARIMAX,DOCI,-1.851509851
01/01/2021,SARIMAX,DOCI,-1.46933015
01/02/2021,SARIMAX,DOCI,-1.681663434
01/03/2021,SARIMAX,DOCI,-1.7423842
01/04/2021,SARIMAX,DOCI,-3.521444086
01/05/2021,SARIMAX,DOCI,-3.931230204
01/06/2021,SARIMAX,DOCI,-4.79738992
01/07/2021,SARIMAX,DOCI,-4.36499671
01/08/2021,SARIMAX,DOCI,-5.424087416
01/09/2021,SARIMAX,DOCI,-5.163936671
01/10/2021,SARIMAX,DOCI,-6.394980901
01/11/2021,SARIMAX,DOCI,-6.869708408
01/12/2021,SARIMAX,DOCI,-6.988758268
01/01/2022,SARIMAX,DOCI,-10.82742805
01/02/2022,SARIMAX,DOCI,-11.86119306
01/03/2022,SARIMAX,DOCI,-12.61547061
01/04/2022,SARIMAX,DOCI,-16.06583434
01/05/2022,SARIMAX,DOCI,-18.03716899
01/06/2022,SARIMAX,DOCI,-19.6800628
01/07/2022,SARIMAX,DOCI,-21.09415428
01/08/2022,SARIMAX,DOCI,-23.13072919
01/09/2022,SARIMAX,DOCI,-24.41431926
01/10/2020,SARIMAX,DOCJ,-1.516960019
01/11/2020,SARIMAX,DOCJ,-0.717896174
01/12/2020,SARIMAX,DOCJ,0.79330011
01/01/2021,SARIMAX,DOCJ,-1.498618993
01/02/2021,SARIMAX,DOCJ,-1.364388962
01/03/2021,SARIMAX,DOCJ,-1.359872119
01/04/2021,SARIMAX,DOCJ,0.841046063
01/05/2021,SARIMAX,DOCJ,-0.614774617
01/06/2021,SARIMAX,DOCJ,-3.303059587
01/07/2021,SARIMAX,DOCJ,-3.92557149
01/08/2021,SARIMAX,DOCJ,1.058196365
01/09/2021,SARIMAX,DOCJ,-3.430088605
01/10/2021,SARIMAX,DOCJ,-4.163297303
01/11/2021,SARIMAX,DOCJ,-5.336808043
01/12/2021,SARIMAX,DOCJ,-21.24926555
01/01/2022,SARIMAX,DOCJ,-37.75632138
01/02/2022,SARIMAX,DOCJ,-38.72487034
01/03/2022,SARIMAX,DOCJ,-39.26101011
01/04/2022,SARIMAX,DOCJ,-43.22625378
01/05/2022,SARIMAX,DOCJ,-44.93232745
01/06/2022,SARIMAX,DOCJ,-45.91025893
01/07/2022,SARIMAX,DOCJ,-47.51963966
01/08/2022,SARIMAX,DOCJ,-46.90556856
01/09/2022,SARIMAX,DOCJ,-50.38350004
01/10/2020,SARIMAX,DOCK,-3.832143797
01/11/2020,SARIMAX,DOCK,5.674115028
01/12/2020,SARIMAX,DOCK,-1.487962327
01/01/2021,SARIMAX,DOCK,0.958349946
01/02/2021,SARIMAX,DOCK,1.034787667
01/03/2021,SARIMAX,DOCK,-0.724207379
01/04/2021,SARIMAX,DOCK,-10.67012513
01/05/2021,SARIMAX,DOCK,-14.59112683
01/06/2021,SARIMAX,DOCK,-14.08116562
01/07/2021,SARIMAX,DOCK,-14.55990572
01/08/2021,SARIMAX,DOCK,-11.45371453
01/09/2021,SARIMAX,DOCK,-11.15783341
01/10/2021,SARIMAX,DOCK,-14.84444509
01/11/2021,SARIMAX,DOCK,-13.94029476
01/12/2021,SARIMAX,DOCK,-20.78146605
01/01/2022,SARIMAX,DOCK,-19.68442736
01/02/2022,SARIMAX,DOCK,-21.03579398
01/03/2022,SARIMAX,DOCK,-34.61169177
01/04/2022,SARIMAX,DOCK,-43.64936389
01/05/2022,SARIMAX,DOCK,-47.46741749
01/06/2022,SARIMAX,DOCK,-43.28623868
01/07/2022,SARIMAX,DOCK,-42.86801385
01/08/2022,SARIMAX,DOCK,-43.46596999
01/09/2022,SARIMAX,DOCK,-44.73399354
01/10/2020,SARIMAX,DOCL,-4.546884888
01/11/2020,SARIMAX,DOCL,3.326968853
01/12/2020,SARIMAX,DOCL,0.161667894
01/01/2021,SARIMAX,DOCL,-0.022554319
01/02/2021,SARIMAX,DOCL,12.03549213
01/03/2021,SARIMAX,DOCL,5.809911311
01/04/2021,SARIMAX,DOCL,-5.787738218
01/05/2021,SARIMAX,DOCL,-11.5604368
01/06/2021,SARIMAX,DOCL,-13.90253358
01/07/2021,SARIMAX,DOCL,-13.08594893
01/08/2021,SARIMAX,DOCL,-11.36152823
01/09/2021,SARIMAX,DOCL,-10.86109348
01/10/2021,SARIMAX,DOCL,-12.62224158
01/11/2021,SARIMAX,DOCL,-13.07053809
01/12/2021,SARIMAX,DOCL,-17.59695841
01/01/2022,SARIMAX,DOCL,-17.5834641
01/02/2022,SARIMAX,DOCL,-19.91156786
01/03/2022,SARIMAX,DOCL,-26.80849041
01/04/2022,SARIMAX,DOCL,-33.1623631
01/05/2022,SARIMAX,DOCL,-33.38797417
01/06/2022,SARIMAX,DOCL,-32.99236765
01/07/2022,SARIMAX,DOCL,-33.40218771
01/08/2022,SARIMAX,DOCL,-35.33959028
01/09/2022,SARIMAX,DOCL,-35.33926591
01/10/2020,SARIMAX,DOCM,-4.56367699
01/11/2020,SARIMAX,DOCM,5.935710929
01/12/2020,SARIMAX,DOCM,4.491318652
01/01/2021,SARIMAX,DOCM,2.11228114
01/02/2021,SARIMAX,DOCM,1.924285641
01/03/2021,SARIMAX,DOCM,0.454998812
01/04/2021,SARIMAX,DOCM,-5.082063801
01/05/2021,SARIMAX,DOCM,-11.72722573
01/06/2021,SARIMAX,DOCM,-11.38495343
01/07/2021,SARIMAX,DOCM,-7.702618508
01/08/2021,SARIMAX,DOCM,-9.010820756
01/09/2021,SARIMAX,DOCM,-10.1557744
01/10/2021,SARIMAX,DOCM,-12.78738997
01/11/2021,SARIMAX,DOCM,-10.64246218
01/12/2021,SARIMAX,DOCM,-12.64340055
01/01/2022,SARIMAX,DOCM,-12.54809553
01/02/2022,SARIMAX,DOCM,-12.30408853
01/03/2022,SARIMAX,DOCM,-24.23052806
01/04/2022,SARIMAX,DOCM,-23.40888213
01/05/2022,SARIMAX,DOCM,-25.72879326
01/06/2022,SARIMAX,DOCM,-30.59271408
01/07/2022,SARIMAX,DOCM,-26.14877792
01/08/2022,SARIMAX,DOCM,-26.41759575
01/09/2022,SARIMAX,DOCM,-28.44656953
01/10/2020,SARIMAX,DOCN,-2.157795804
01/11/2020,SARIMAX,DOCN,4.493248914
01/12/2020,SARIMAX,DOCN,1.537392973
01/01/2021,SARIMAX,DOCN,0.141357774
01/02/2021,SARIMAX,DOCN,3.155906344
01/03/2021,SARIMAX,DOCN,-2.962474329
01/04/2021,SARIMAX,DOCN,-1.792112032
01/05/2021,SARIMAX,DOCN,-0.276888882
01/06/2021,SARIMAX,DOCN,-0.30084045
01/07/2021,SARIMAX,DOCN,-0.907610434
01/08/2021,SARIMAX,DOCN,-1.691657267
01/09/2021,SARIMAX,DOCN,-1.68268246
01/10/2021,SARIMAX,DOCN,-4.653515477
01/11/2021,SARIMAX,DOCN,-4.309729568
01/12/2021,SARIMAX,DOCN,-5.821065241
01/01/2022,SARIMAX,DOCN,-10.64340997
01/02/2022,SARIMAX,DOCN,-10.49614275
01/03/2022,SARIMAX,DOCN,-13.19009773
01/04/2022,SARIMAX,DOCN,-13.83738581
01/05/2022,SARIMAX,DOCN,-13.3225095
01/06/2022,SARIMAX,DOCN,-13.38667059
01/07/2022,SARIMAX,DOCN,-14.7830506
01/08/2022,SARIMAX,DOCN,-19.4349325
01/09/2022,SARIMAX,DOCN,-25.00321323
01/10/2020,SARIMAX,DOCO,-0.805179881
01/11/2020,SARIMAX,DOCO,2.416300207
01/12/2020,SARIMAX,DOCO,0.483375393
01/01/2021,SARIMAX,DOCO,2.766701617
01/02/2021,SARIMAX,DOCO,6.15783451
01/03/2021,SARIMAX,DOCO,3.253558337
01/04/2021,SARIMAX,DOCO,-3.372231875
01/05/2021,SARIMAX,DOCO,-5.848011163
01/06/2021,SARIMAX,DOCO,-8.123672333
01/07/2021,SARIMAX,DOCO,-6.812987606
01/08/2021,SARIMAX,DOCO,-6.187812655
01/09/2021,SARIMAX,DOCO,-6.938096374
01/10/2021,SARIMAX,DOCO,-7.215627027
01/11/2021,SARIMAX,DOCO,-6.401808656
01/12/2021,SARIMAX,DOCO,-9.322378616
01/01/2022,SARIMAX,DOCO,-11.93279565
01/02/2022,SARIMAX,DOCO,-10.72567661
01/03/2022,SARIMAX,DOCO,-10.42834818
01/04/2022,SARIMAX,DOCO,-18.019983
01/05/2022,SARIMAX,DOCO,-17.87996398
01/06/2022,SARIMAX,DOCO,-18.72721234
01/07/2022,SARIMAX,DOCO,-17.20745825
01/08/2022,SARIMAX,DOCO,-17.66684306
01/09/2022,SARIMAX,DOCO,-18.96069091
01/10/2020,SARIMAX,DOCP,0.176931102
01/11/2020,SARIMAX,DOCP,3.940166207
01/12/2020,SARIMAX,DOCP,-0.156912588
01/01/2021,SARIMAX,DOCP,1.936052744
01/02/2021,SARIMAX,DOCP,4.275383599
01/03/2021,SARIMAX,DOCP,1.634622177
01/04/2021,SARIMAX,DOCP,-2.182461642
01/05/2021,SARIMAX,DOCP,-5.273061274
01/06/2021,SARIMAX,DOCP,-4.603505141
01/07/2021,SARIMAX,DOCP,-3.318623087
01/08/2021,SARIMAX,DOCP,-4.131482045
01/09/2021,SARIMAX,DOCP,-3.6788523
01/10/2021,SARIMAX,DOCP,-4.97929946
01/11/2021,SARIMAX,DOCP,-4.09490877
01/12/2021,SARIMAX,DOCP,-5.571017173
01/01/2022,SARIMAX,DOCP,-7.001389418
01/02/2022,SARIMAX,DOCP,-5.519831086
01/03/2022,SARIMAX,DOCP,-9.381576453
01/04/2022,SARIMAX,DOCP,-14.33856823
01/05/2022,SARIMAX,DOCP,-16.60938987
01/06/2022,SARIMAX,DOCP,-12.69963094
01/07/2022,SARIMAX,DOCP,-11.85117938
01/08/2022,SARIMAX,DOCP,-14.13817597
01/09/2022,SARIMAX,DOCP,-13.6243196
01/10/2020,SARIMAX,DOCQ,-0.486400461
01/11/2020,SARIMAX,DOCQ,0.678365728
01/12/2020,SARIMAX,DOCQ,1.862284376
01/01/2021,SARIMAX,DOCQ,1.985664176
01/02/2021,SARIMAX,DOCQ,2.211141951
01/03/2021,SARIMAX,DOCQ,2.704242238
01/04/2021,SARIMAX,DOCQ,2.795861669
01/05/2021,SARIMAX,DOCQ,1.395831677
01/06/2021,SARIMAX,DOCQ,2.617130802
01/07/2021,SARIMAX,DOCQ,0.202231254
01/08/2021,SARIMAX,DOCQ,1.653319047
01/09/2021,SARIMAX,DOCQ,2.510800353
01/10/2021,SARIMAX,DOCQ,0.027695113
01/11/2021,SARIMAX,DOCQ,3.120853353
01/12/2021,SARIMAX,DOCQ,1.540726579
01/01/2022,SARIMAX,DOCQ,4.470049859
01/02/2022,SARIMAX,DOCQ,3.724069091
01/03/2022,SARIMAX,DOCQ,4.034709686
01/04/2022,SARIMAX,DOCQ,0.052940301
01/05/2022,SARIMAX,DOCQ,0.452921795
01/06/2022,SARIMAX,DOCQ,-3.287133512
01/07/2022,SARIMAX,DOCQ,-4.558027387
01/08/2022,SARIMAX,DOCQ,-6.856301378
01/09/2022,SARIMAX,DOCQ,-10.36552829
01/10/2020,SARIMAX,DOCR,-2.988883054
01/11/2020,SARIMAX,DOCR,-0.226773013
01/12/2020,SARIMAX,DOCR,0.173260199
01/01/2021,SARIMAX,DOCR,-4.749949325
01/02/2021,SARIMAX,DOCR,-5.057090306
01/03/2021,SARIMAX,DOCR,-4.613228448
01/04/2021,SARIMAX,DOCR,-9.379235287
01/05/2021,SARIMAX,DOCR,-9.77984159
01/06/2021,SARIMAX,DOCR,-9.822599711
01/07/2021,SARIMAX,DOCR,-1.194449676
01/08/2021,SARIMAX,DOCR,-4.541354551
01/09/2021,SARIMAX,DOCR,-4.946179131
01/10/2021,SARIMAX,DOCR,-5.404937579
01/11/2021,SARIMAX,DOCR,-4.607288588
01/12/2021,SARIMAX,DOCR,-4.695450267
01/01/2022,SARIMAX,DOCR,-10.22864458
01/02/2022,SARIMAX,DOCR,-11.02883317
01/03/2022,SARIMAX,DOCR,-12.06194522
01/04/2022,SARIMAX,DOCR,-16.80477757
01/05/2022,SARIMAX,DOCR,-18.83528031
01/06/2022,SARIMAX,DOCR,-19.60057517
01/07/2022,SARIMAX,DOCR,-6.731243114
01/08/2022,SARIMAX,DOCR,-12.63145517
01/09/2022,SARIMAX,DOCR,-14.38847936
01/10/2020,SARIMAX,DOCS,-0.308753569
01/11/2020,SARIMAX,DOCS,0.891782607
01/12/2020,SARIMAX,DOCS,1.626527522
01/01/2021,SARIMAX,DOCS,1.549698302
01/02/2021,SARIMAX,DOCS,3.184780004
01/03/2021,SARIMAX,DOCS,3.843431615
01/04/2021,SARIMAX,DOCS,3.916657237
01/05/2021,SARIMAX,DOCS,3.24790362
01/06/2021,SARIMAX,DOCS,0.487794569
01/07/2021,SARIMAX,DOCS,-3.539549769
01/08/2021,SARIMAX,DOCS,-6.680236176
01/09/2021,SARIMAX,DOCS,-8.243715172
01/10/2021,SARIMAX,DOCS,-11.02217152
01/11/2021,SARIMAX,DOCS,-12.47502152
01/12/2021,SARIMAX,DOCS,-12.52666702
01/01/2022,SARIMAX,DOCS,-12.86935899
01/02/2022,SARIMAX,DOCS,-11.78492646
01/03/2022,SARIMAX,DOCS,-11.08960214
01/04/2022,SARIMAX,DOCS,-9.526705591
01/05/2022,SARIMAX,DOCS,-8.944132181
01/06/2022,SARIMAX,DOCS,-7.764780671
01/07/2022,SARIMAX,DOCS,-8.738294582
01/08/2022,SARIMAX,DOCS,-8.835492919
01/09/2022,SARIMAX,DOCS,-8.682430058
01/10/2020,SARIMAX,DOCT,-1.319453886
01/11/2020,SARIMAX,DOCT,0.579890494
01/12/2020,SARIMAX,DOCT,3.454016489
01/01/2021,SARIMAX,DOCT,1.202688229
01/02/2021,SARIMAX,DOCT,0.985656755
01/03/2021,SARIMAX,DOCT,3.366102403
01/04/2021,SARIMAX,DOCT,4.76358522
01/05/2021,SARIMAX,DOCT,-1.402048056
01/06/2021,SARIMAX,DOCT,-2.816568458
01/07/2021,SARIMAX,DOCT,-10.45538669
01/08/2021,SARIMAX,DOCT,-5.497013609
01/09/2021,SARIMAX,DOCT,-3.428863106
01/10/2021,SARIMAX,DOCT,-4.114383283
01/11/2021,SARIMAX,DOCT,-6.131836622
01/12/2021,SARIMAX,DOCT,-7.284835162
01/01/2022,SARIMAX,DOCT,-12.18804887
01/02/2022,SARIMAX,DOCT,-18.27203305
01/03/2022,SARIMAX,DOCT,-17.01124703
01/04/2022,SARIMAX,DOCT,-14.26647322
01/05/2022,SARIMAX,DOCT,-22.34719935
01/06/2022,SARIMAX,DOCT,-25.67596123
01/07/2022,SARIMAX,DOCT,-28.50309213
01/08/2022,SARIMAX,DOCT,-26.73674693
01/09/2022,SARIMAX,DOCT,-28.00079459
01/10/2020,SARIMAX,DOCU,1.924413231
01/11/2020,SARIMAX,DOCU,-4.878382528
01/12/2020,SARIMAX,DOCU,-9.883675916
01/01/2021,SARIMAX,DOCU,-14.91768929
01/02/2021,SARIMAX,DOCU,-33.90897957
01/03/2021,SARIMAX,DOCU,-52.99211928
01/04/2021,SARIMAX,DOCU,-69.57039392
01/05/2021,SARIMAX,DOCU,-71.05909402
01/06/2021,SARIMAX,DOCU,-73.74427348
01/07/2021,SARIMAX,DOCU,-79.57904149
01/08/2021,SARIMAX,DOCU,-83.80637198
01/09/2021,SARIMAX,DOCU,-85.30044771
01/10/2021,SARIMAX,DOCU,-90.94947785
01/11/2021,SARIMAX,DOCU,-118.8513589
01/12/2021,SARIMAX,DOCU,-124.561476
01/01/2022,SARIMAX,DOCU,-118.763114
01/02/2022,SARIMAX,DOCU,-134.0508493
01/03/2022,SARIMAX,DOCU,-185.7547089
01/04/2022,SARIMAX,DOCU,-215.7270399
01/05/2022,SARIMAX,DOCU,-229.7832709
01/06/2022,SARIMAX,DOCU,-269.7934231
01/07/2022,SARIMAX,DOCU,-286.5091559
01/08/2022,SARIMAX,DOCU,-238.1679647
01/09/2022,SARIMAX,DOCU,-223.1905426
01/10/2020,SARIMAX,DOCV,-0.287825606
01/11/2020,SARIMAX,DOCV,8.08250004
01/12/2020,SARIMAX,DOCV,6.458514827
01/01/2021,SARIMAX,DOCV,24.63772783
01/02/2021,SARIMAX,DOCV,49.63045827
01/03/2021,SARIMAX,DOCV,58.7242906
01/04/2021,SARIMAX,DOCV,58.14894184
01/05/2021,SARIMAX,DOCV,53.80852488
01/06/2021,SARIMAX,DOCV,36.47104123
01/07/2021,SARIMAX,DOCV,23.45196906
01/08/2021,SARIMAX,DOCV,-0.135454734
01/09/2021,SARIMAX,DOCV,-1.569598877
01/10/2021,SARIMAX,DOCV,11.51585817
01/11/2021,SARIMAX,DOCV,18.30878077
01/12/2021,SARIMAX,DOCV,8.788633423
01/01/2022,SARIMAX,DOCV,-39.46591452
01/02/2022,SARIMAX,DOCV,-15.67936875
01/03/2022,SARIMAX,DOCV,-4.957181464
01/04/2022,SARIMAX,DOCV,-29.95773596
01/05/2022,SARIMAX,DOCV,-48.72515567
01/06/2022,SARIMAX,DOCV,-72.72224053
01/07/2022,SARIMAX,DOCV,-130.1115175
01/08/2022,SARIMAX,DOCV,-155.039185
01/09/2022,SARIMAX,DOCV,-183.9311811
01/10/2020,SARIMAX,DOCW,-1.956047379
01/11/2020,SARIMAX,DOCW,0.222368462
01/12/2020,SARIMAX,DOCW,-2.38400058
01/01/2021,SARIMAX,DOCW,10.41347206
01/02/2021,SARIMAX,DOCW,6.117821864
01/03/2021,SARIMAX,DOCW,-2.216907209
01/04/2021,SARIMAX,DOCW,-5.217580195
01/05/2021,SARIMAX,DOCW,-1.523971899
01/06/2021,SARIMAX,DOCW,-3.76857626
01/07/2021,SARIMAX,DOCW,-0.258403303
01/08/2021,SARIMAX,DOCW,-3.437267939
01/09/2021,SARIMAX,DOCW,1.7956387
01/10/2021,SARIMAX,DOCW,-4.150045665
01/11/2021,SARIMAX,DOCW,-9.408240901
01/12/2021,SARIMAX,DOCW,-8.042294258
01/01/2022,SARIMAX,DOCW,6.031150985
01/02/2022,SARIMAX,DOCW,3.644680379
01/03/2022,SARIMAX,DOCW,-16.31397956
01/04/2022,SARIMAX,DOCW,-13.0143419
01/05/2022,SARIMAX,DOCW,-12.52513165
01/06/2022,SARIMAX,DOCW,-12.76844488
01/07/2022,SARIMAX,DOCW,-27.6319926
01/08/2022,SARIMAX,DOCW,-29.07117412
01/09/2022,SARIMAX,DOCW,-21.97222936
01/10/2020,SARIMAX,DOCX,25.82245184
01/11/2020,SARIMAX,DOCX,37.73143566
01/12/2020,SARIMAX,DOCX,-6.302292005
01/01/2021,SARIMAX,DOCX,-14.85781124
01/02/2021,SARIMAX,DOCX,4.535089718
01/03/2021,SARIMAX,DOCX,-22.15748365
01/04/2021,SARIMAX,DOCX,11.30324857
01/05/2021,SARIMAX,DOCX,7.233991912
01/06/2021,SARIMAX,DOCX,2.703516158
01/07/2021,SARIMAX,DOCX,39.29224138
01/08/2021,SARIMAX,DOCX,88.4052976
01/09/2021,SARIMAX,DOCX,69.02829178
01/10/2021,SARIMAX,DOCX,85.06596987
01/11/2021,SARIMAX,DOCX,63.23095988
01/12/2021,SARIMAX,DOCX,37.24233322
01/01/2022,SARIMAX,DOCX,79.7976718
01/02/2022,SARIMAX,DOCX,61.68185903
01/03/2022,SARIMAX,DOCX,56.37108714
01/04/2022,SARIMAX,DOCX,51.94158784
01/05/2022,SARIMAX,DOCX,33.24774287
01/06/2022,SARIMAX,DOCX,42.06484614
01/07/2022,SARIMAX,DOCX,72.05993612
01/08/2022,SARIMAX,DOCX,91.8810312
01/09/2022,SARIMAX,DOCX,110.3700572
01/10/2020,SARIMAX,DOCY,-9.967617975
01/11/2020,SARIMAX,DOCY,-17.86034898
01/12/2020,SARIMAX,DOCY,-15.64121373
01/01/2021,SARIMAX,DOCY,-7.684795184
01/02/2021,SARIMAX,DOCY,-5.1348153
01/03/2021,SARIMAX,DOCY,-12.04001981
01/04/2021,SARIMAX,DOCY,-9.313149704
01/05/2021,SARIMAX,DOCY,-9.543020276
01/06/2021,SARIMAX,DOCY,-11.26708883
01/07/2021,SARIMAX,DOCY,-9.036832013
01/08/2021,SARIMAX,DOCY,-21.32719583
01/09/2021,SARIMAX,DOCY,-22.36559999
01/10/2021,SARIMAX,DOCY,-45.74881977
01/11/2021,SARIMAX,DOCY,-47.73345894
01/12/2021,SARIMAX,DOCY,-96.61248286
01/01/2022,SARIMAX,DOCY,-47.09748034
01/02/2022,SARIMAX,DOCY,-47.49520182
01/03/2022,SARIMAX,DOCY,-43.62659992
01/04/2022,SARIMAX,DOCY,-29.10928244
01/05/2022,SARIMAX,DOCY,-53.00813431
01/06/2022,SARIMAX,DOCY,-56.44825302
01/07/2022,SARIMAX,DOCY,-85.55097342
01/08/2022,SARIMAX,DOCY,-115.33766
01/09/2022,SARIMAX,DOCY,-97.1950929
01/10/2020,SARIMAX,DOCZ,0.128845878
01/11/2020,SARIMAX,DOCZ,0.234135621
01/12/2020,SARIMAX,DOCZ,0.02050264
01/01/2021,SARIMAX,DOCZ,0.035283536
01/02/2021,SARIMAX,DOCZ,-0.02198535
01/03/2021,SARIMAX,DOCZ,0.135322138
01/04/2021,SARIMAX,DOCZ,0.192624741
01/05/2021,SARIMAX,DOCZ,0.092624942
01/06/2021,SARIMAX,DOCZ,0.049926485
01/07/2021,SARIMAX,DOCZ,0.007227997
01/08/2021,SARIMAX,DOCZ,0.064529505
01/09/2021,SARIMAX,DOCZ,-0.020867483
01/10/2021,SARIMAX,DOCZ,0.095661639
01/11/2021,SARIMAX,DOCZ,0.198692742
01/12/2021,SARIMAX,DOCZ,-0.051817656
01/01/2022,SARIMAX,DOCZ,0.099350514
01/02/2022,SARIMAX,DOCZ,0.223836086
01/03/2022,SARIMAX,DOCZ,0.299372634
01/04/2022,SARIMAX,DOCZ,0.474906382
01/05/2022,SARIMAX,DOCZ,0.574906497
01/06/2022,SARIMAX,DOCZ,0.450439638
01/07/2022,SARIMAX,DOCZ,0.525972762
01/08/2022,SARIMAX,DOCZ,0.501505883
01/09/2022,SARIMAX,DOCZ,0.452572123
01/10/2020,SARIMAX,DODA,2.612880565
01/11/2020,SARIMAX,DODA,1.112687027
01/12/2020,SARIMAX,DODA,-2.702448946
01/01/2021,SARIMAX,DODA,1.08869113
01/02/2021,SARIMAX,DODA,5.882350817
01/03/2021,SARIMAX,DODA,4.030933256
01/04/2021,SARIMAX,DODA,9.087025077
01/05/2021,SARIMAX,DODA,3.287770253
01/06/2021,SARIMAX,DODA,0.199607135
01/07/2021,SARIMAX,DODA,2.373000289
01/08/2021,SARIMAX,DODA,-1.942400946
01/09/2021,SARIMAX,DODA,-2.335755459
01/10/2021,SARIMAX,DODA,0.57724142
01/11/2021,SARIMAX,DODA,5.339661936
01/12/2021,SARIMAX,DODA,4.991452078
01/01/2022,SARIMAX,DODA,-1.505195311
01/02/2022,SARIMAX,DODA,0.804230052
01/03/2022,SARIMAX,DODA,-8.47941615
01/04/2022,SARIMAX,DODA,3.581404413
01/05/2022,SARIMAX,DODA,-3.687326982
01/06/2022,SARIMAX,DODA,2.202978111
01/07/2022,SARIMAX,DODA,1.866198154
01/08/2022,SARIMAX,DODA,-2.377038008
01/09/2022,SARIMAX,DODA,2.932153182
01/10/2020,SARIMAX,DODB,0.338808815
01/11/2020,SARIMAX,DODB,-1.525664485
01/12/2020,SARIMAX,DODB,-2.306366751
01/01/2021,SARIMAX,DODB,-3.896717885
01/02/2021,SARIMAX,DODB,-3.144962218
01/03/2021,SARIMAX,DODB,-3.032244585
01/04/2021,SARIMAX,DODB,-1.348916117
01/05/2021,SARIMAX,DODB,-2.735755918
01/06/2021,SARIMAX,DODB,-2.539267251
01/07/2021,SARIMAX,DODB,-0.571282618
01/08/2021,SARIMAX,DODB,-3.923038284
01/09/2021,SARIMAX,DODB,-4.374351384
01/10/2021,SARIMAX,DODB,-3.214479205
01/11/2021,SARIMAX,DODB,-4.940177459
01/12/2021,SARIMAX,DODB,-5.939246453
01/01/2022,SARIMAX,DODB,-4.88878095
01/02/2022,SARIMAX,DODB,-9.641108466
01/03/2022,SARIMAX,DODB,-8.463082695
01/04/2022,SARIMAX,DODB,-7.104238136
01/05/2022,SARIMAX,DODB,-6.558427664
01/06/2022,SARIMAX,DODB,-6.353772632
01/07/2022,SARIMAX,DODB,-5.732729409
01/08/2022,SARIMAX,DODB,-6.880401893
01/09/2022,SARIMAX,DODB,-7.360289676
01/10/2020,SARIMAX,DODC,-7.435391903
01/11/2020,SARIMAX,DODC,26.90451156
01/12/2020,SARIMAX,DODC,21.68393802
01/01/2021,SARIMAX,DODC,19.16509338
01/02/2021,SARIMAX,DODC,19.41919999
01/03/2021,SARIMAX,DODC,23.79817575
01/04/2021,SARIMAX,DODC,2.161305337
01/05/2021,SARIMAX,DODC,-4.209308594
01/06/2021,SARIMAX,DODC,-13.88807251
01/07/2021,SARIMAX,DODC,-2.145738386
01/08/2021,SARIMAX,DODC,-4.254039795
01/09/2021,SARIMAX,DODC,6.638644525
01/10/2021,SARIMAX,DODC,-5.823720571
01/11/2021,SARIMAX,DODC,11.95243727
01/12/2021,SARIMAX,DODC,4.216523292
01/01/2022,SARIMAX,DODC,-2.631629656
01/02/2022,SARIMAX,DODC,-9.524013074
01/03/2022,SARIMAX,DODC,6.322241881
01/04/2022,SARIMAX,DODC,-13.40958382
01/05/2022,SARIMAX,DODC,-16.85039309
01/06/2022,SARIMAX,DODC,-35.08400103
01/07/2022,SARIMAX,DODC,-17.089903
01/08/2022,SARIMAX,DODC,-15.25631971
01/09/2022,SARIMAX,DODC,-18.09870799
01/10/2020,SARIMAX,DODD,-2.054619556
01/11/2020,SARIMAX,DODD,3.225545339
01/12/2020,SARIMAX,DODD,-2.81518594
01/01/2021,SARIMAX,DODD,-3.316525838
01/02/2021,SARIMAX,DODD,-5.102937412
01/03/2021,SARIMAX,DODD,-8.295636862
01/04/2021,SARIMAX,DODD,-5.96699247
01/05/2021,SARIMAX,DODD,-6.189058216
01/06/2021,SARIMAX,DODD,-6.040548744
01/07/2021,SARIMAX,DODD,-8.769312486
01/08/2021,SARIMAX,DODD,-10.55070688
01/09/2021,SARIMAX,DODD,-10.39624792
01/10/2021,SARIMAX,DODD,-10.6196295
01/11/2021,SARIMAX,DODD,-8.877363594
01/12/2021,SARIMAX,DODD,-18.0596486
01/01/2022,SARIMAX,DODD,-18.49249814
01/02/2022,SARIMAX,DODD,-22.81788392
01/03/2022,SARIMAX,DODD,-24.98336829
01/04/2022,SARIMAX,DODD,-24.27858632
01/05/2022,SARIMAX,DODD,-27.62586158
01/06/2022,SARIMAX,DODD,-29.80212235
01/07/2022,SARIMAX,DODD,-28.72337966
01/08/2022,SARIMAX,DODD,-31.30409184
01/09/2022,SARIMAX,DODD,-33.95349835
01/10/2020,SARIMAX,DODE,0.293078851
01/11/2020,SARIMAX,DODE,0.29300367
01/12/2020,SARIMAX,DODE,0.293426861
01/01/2021,SARIMAX,DODE,0.124398154
01/02/2021,SARIMAX,DODE,0.124379903
01/03/2021,SARIMAX,DODE,0.124557501
01/04/2021,SARIMAX,DODE,3.102890054
01/05/2021,SARIMAX,DODE,3.1028885
01/06/2021,SARIMAX,DODE,3.102944365
01/07/2021,SARIMAX,DODE,3.067143333
01/08/2021,SARIMAX,DODE,3.067144071
01/09/2021,SARIMAX,DODE,3.067159685
01/10/2021,SARIMAX,DODE,3.290901397
01/11/2021,SARIMAX,DODE,3.290853726
01/12/2021,SARIMAX,DODE,3.291128977
01/01/2022,SARIMAX,DODE,3.246904078
01/02/2022,SARIMAX,DODE,3.246892587
01/03/2022,SARIMAX,DODE,3.247007411
01/04/2022,SARIMAX,DODE,8.037953088
01/05/2022,SARIMAX,DODE,8.037952161
01/06/2022,SARIMAX,DODE,8.037988208
01/07/2022,SARIMAX,DODE,8.01504884
01/08/2022,SARIMAX,DODE,8.015049333
01/09/2022,SARIMAX,DODE,8.015059398
01/10/2020,SARIMAX,DODF,3.761326793
01/11/2020,SARIMAX,DODF,5.216485978
01/12/2020,SARIMAX,DODF,0.85832835
01/01/2021,SARIMAX,DODF,3.611319478
01/02/2021,SARIMAX,DODF,4.986391323
01/03/2021,SARIMAX,DODF,6.402628779
01/04/2021,SARIMAX,DODF,-0.440958758
01/05/2021,SARIMAX,DODF,0.549853601
01/06/2021,SARIMAX,DODF,0.67520295
01/07/2021,SARIMAX,DODF,-0.62481575
01/08/2021,SARIMAX,DODF,-6.912158947
01/09/2021,SARIMAX,DODF,-12.44797986
01/10/2021,SARIMAX,DODF,-6.837537946
01/11/2021,SARIMAX,DODF,-14.55134331
01/12/2021,SARIMAX,DODF,-11.94615106
01/01/2022,SARIMAX,DODF,-20.41510568
01/02/2022,SARIMAX,DODF,-18.36829399
01/03/2022,SARIMAX,DODF,-21.05222426
01/04/2022,SARIMAX,DODF,-30.23642908
01/05/2022,SARIMAX,DODF,-25.8681018
01/06/2022,SARIMAX,DODF,-27.36647359
01/07/2022,SARIMAX,DODF,-31.76648412
01/08/2022,SARIMAX,DODF,-30.41568008
01/09/2022,SARIMAX,DODF,-33.21508415
01/10/2020,SARIMAX,CHMQ,1.660780475
01/11/2020,SARIMAX,CHMQ,2.987375773
01/12/2020,SARIMAX,CHMQ,2.606335131
01/01/2021,SARIMAX,CHMQ,3.647190211
01/02/2021,SARIMAX,CHMQ,3.051050965
01/03/2021,SARIMAX,CHMQ,2.097507872
01/04/2021,SARIMAX,CHMQ,-2.632076825
01/05/2021,SARIMAX,CHMQ,-4.018473591
01/06/2021,SARIMAX,CHMQ,-5.332098216
01/07/2021,SARIMAX,CHMQ,-2.324142379
01/08/2021,SARIMAX,CHMQ,4.073344911
01/09/2021,SARIMAX,CHMQ,0.63809477
01/10/2021,SARIMAX,CHMQ,0.394307123
01/11/2021,SARIMAX,CHMQ,1.468657917
01/12/2021,SARIMAX,CHMQ,1.479875888
01/01/2022,SARIMAX,CHMQ,2.112055815
01/02/2022,SARIMAX,CHMQ,3.336703398
01/03/2022,SARIMAX,CHMQ,2.770355332
01/04/2022,SARIMAX,CHMQ,-0.514868768
01/05/2022,SARIMAX,CHMQ,-2.47490127
01/06/2022,SARIMAX,CHMQ,-4.215350966
01/07/2022,SARIMAX,CHMQ,-2.723848081
01/08/2022,SARIMAX,CHMQ,-13.06105869
01/09/2022,SARIMAX,CHMQ,-15.71034185
01/10/2020,SARIMAX,CHMS,2.500113735
01/11/2020,SARIMAX,CHMS,-1.857581489
01/12/2020,SARIMAX,CHMS,7.692627142
01/01/2021,SARIMAX,CHMS,-2.571244543
01/02/2021,SARIMAX,CHMS,-5.323695085
01/03/2021,SARIMAX,CHMS,-3.536985995
01/04/2021,SARIMAX,CHMS,-6.786744689
01/05/2021,SARIMAX,CHMS,-7.767309637
01/06/2021,SARIMAX,CHMS,-9.56777809
01/07/2021,SARIMAX,CHMS,-4.226652884
01/08/2021,SARIMAX,CHMS,-15.54421837
01/09/2021,SARIMAX,CHMS,-11.72640353
01/10/2021,SARIMAX,CHMS,-14.17001678
01/11/2021,SARIMAX,CHMS,-20.20735578
01/12/2021,SARIMAX,CHMS,-19.29858769
01/01/2022,SARIMAX,CHMS,-17.78421072
01/02/2022,SARIMAX,CHMS,-20.87153698
01/03/2022,SARIMAX,CHMS,-27.31167498
01/04/2022,SARIMAX,CHMS,-28.01322585
01/05/2022,SARIMAX,CHMS,-29.45710763
01/06/2022,SARIMAX,CHMS,-41.40100348
01/07/2022,SARIMAX,CHMS,-46.60271006
01/08/2022,SARIMAX,CHMS,-53.42985003
01/09/2022,SARIMAX,CHMS,-62.96707887